Date updated,Race/ethnicity,Total population,Total cases,Crude case rate per 100k,Age adjusted case rate per 100k,Total deaths,Crude death rate per 100k,Age adjusted death rate per 100k
06/30/2020,Hispanic,589809,8810,1493,1695,374,63,119
06/30/2020,NH American Indian or Alaskan Native,9566,46,481,527,2,21,
06/30/2020,NH Asian or Pacific Islander,177966,677,379,388,46,26,38
06/30/2020,NH Black,387134,6108,1577,1600,641,166,194
06/30/2020,NH Multiracial,,128,,,27,,
06/30/2020,NH Other,,265,,,16,,
06/30/2020,NH White,2408190,16317,677,518,3168,132,72
06/30/2020,Unknown,,14221,,,50,,
07/01/2020,Hispanic,589809,8826,1496,1699,374,63,119
07/01/2020,NH American Indian or Alaskan Native,9566,46,481,527,2,21,
07/01/2020,NH Asian or Pacific Islander,177966,677,379,388,46,26,38
07/01/2020,NH Black,387134,6122,1581,1603,642,166,194
07/01/2020,NH Multiracial,,128,,,27,,
07/01/2020,NH Other,,265,,,16,,
07/01/2020,NH White,2408190,16380,680,520,3170,132,72
07/01/2020,Unknown,,14202,,,49,,
07/02/2020,Hispanic,589809,8857,1501,1705,374,63,119
07/02/2020,NH American Indian or Alaskan Native,9566,45,470,519,2,21,
07/02/2020,NH Asian or Pacific Islander,177966,680,381,390,47,26,39
07/02/2020,NH Black,387134,6134,1584,1606,644,166,195
07/02/2020,NH Multiracial,,128,,,27,,
07/02/2020,NH Other,,264,,,16,,
07/02/2020,NH White,2408190,16433,682,522,3176,132,72
07/02/2020,Unknown,,14176,,,49,,
07/05/2020,Hispanic,589809,8893,1507,1712,374,63,119
07/05/2020,NH American Indian or Alaskan Native,9566,45,470,519,2,21,
07/05/2020,NH Asian or Pacific Islander,177966,681,382,391,47,26,39
07/05/2020,NH Black,387134,6144,1587,1608,644,166,195
07/05/2020,NH Multiracial,,129,,,27,,
07/05/2020,NH Other,,266,,,16,,
07/05/2020,NH White,2408190,16492,685,524,3179,132,72
07/05/2020,Unknown,,14326,,,49,,
07/06/2020,Hispanic,589809,8904,1509,1715,374,63,119
07/06/2020,NH American Indian or Alaskan Native,9566,45,470,519,2,21,
07/06/2020,NH Asian or Pacific Islander,177966,681,382,391,47,26,39
07/06/2020,NH Black,387134,6148,1588,1610,644,166,195
07/06/2020,NH Multiracial,,129,,,27,,
07/06/2020,NH Other,,263,,,16,,
07/06/2020,NH White,2408190,16517,686,525,3179,132,72
07/06/2020,Unknown,,14346,,,49,,
07/07/2020,Hispanic,589809,8933,1514,1720,375,64,120
07/07/2020,NH American Indian or Alaskan Native,9566,46,481,529,2,21,
07/07/2020,NH Asian or Pacific Islander,177966,681,382,391,47,26,39
07/07/2020,NH Black,387134,6161,1591,1613,644,166,195
07/07/2020,NH Multiracial,,130,,,27,,
07/07/2020,NH Other,,265,,,16,,
07/07/2020,NH White,2408190,16564,688,526,3182,132,73
07/07/2020,Unknown,,14328,,,50,,
07/08/2020,Hispanic,589809,8958,1518,1724,376,64,120
07/08/2020,NH American Indian or Alaskan Native,9566,46,481,529,2,21,
07/08/2020,NH Asian or Pacific Islander,177966,682,383,392,47,26,39
07/08/2020,NH Black,387134,6176,1595,1617,646,167,195
07/08/2020,NH Multiracial,,131,,,27,,
07/08/2020,NH Other,,266,,,16,,
07/08/2020,NH White,2408190,16597,689,528,3184,132,73
07/08/2020,Unknown,,14353,,,50,,
07/09/2020,Hispanic,589809,8973,1520,1728,376,64,120
07/09/2020,NH American Indian or Alaskan Native,9566,45,470,513,2,21,
07/09/2020,NH Asian or Pacific Islander,177966,684,384,393,47,26,39
07/09/2020,NH Black,387134,6189,1598,1620,646,167,195
07/09/2020,NH Multiracial,,139,,,27,,
07/09/2020,NH Other,,264,,,16,,
07/09/2020,NH White,2408190,16610,690,528,3184,132,73
07/09/2020,Unknown,,14383,,,50,,
07/12/2020,Hispanic,589809,9029,1530,1735,374,63,119
07/12/2020,NH American Indian or Alaskan Native,9566,44,460,503,2,21,
07/12/2020,NH Asian or Pacific Islander,177966,688,386,396,48,27,40
07/12/2020,NH Black,387134,6262,1617,1640,645,167,195
07/12/2020,NH Multiracial,,138,,,30,,
07/12/2020,NH Other,,290,,,21,,
07/12/2020,NH White,2408190,17016,706,539,3206,133,73
07/12/2020,Unknown,,14043,,,45,,
08/04/2020,Hispanic,589809,9473,1605,1810,383,65,122
08/04/2020,NH American Indian or Alaskan Native,9566,47,491,532,2,21,
08/04/2020,NH Asian or Pacific Islander,177966,712,400,409,48,27,40
08/04/2020,NH Black,387134,6531,1686,1707,656,169,198
08/04/2020,NH Multiracial,,158,,,34,,
08/04/2020,NH Other,,302,,,20,,
08/04/2020,NH White,2408190,17564,729,562,3252,135,74
08/04/2020,Unknown,,15438,,,42,,
08/05/2020,Hispanic,589809,9465,1604,1808,384,65,122
08/05/2020,NH American Indian or Alaskan Native,9566,47,491,532,2,21,
08/05/2020,NH Asian or Pacific Islander,177966,712,400,409,48,27,40
08/05/2020,NH Black,387134,6522,1684,1705,656,169,198
08/05/2020,NH Multiracial,,159,,,34,,
08/05/2020,NH Other,,305,,,20,,
08/05/2020,NH White,2408190,17548,729,562,3251,135,74
08/05/2020,Unknown,,15487,,,42,,
08/06/2020,Hispanic,589809,9538,1616,1824,384,65,122
08/06/2020,NH American Indian or Alaskan Native,9566,48,502,540,2,21,
08/06/2020,NH Asian or Pacific Islander,177966,716,402,412,48,27,40
08/06/2020,NH Black,387134,6575,1698,1719,656,169,198
08/06/2020,NH Multiracial,,158,,,34,,
08/06/2020,NH Other,,311,,,20,,
08/06/2020,NH White,2408190,17712,735,567,3256,135,74
08/06/2020,Unknown,,15262,,,41,,
08/09/2020,Hispanic,589809,9558,1620,1825,385,65,122
08/09/2020,NH American Indian or Alaskan Native,9566,47,491,532,2,21,
08/09/2020,NH Asian or Pacific Islander,177966,719,403,413,48,27,40
08/09/2020,NH Black,387134,6616,1708,1729,657,170,199
08/09/2020,NH Multiracial,,166,,,34,,
08/09/2020,NH Other,,305,,,20,,
08/09/2020,NH White,2408190,17696,735,568,3256,135,74
08/09/2020,Unknown,,15460,,,42,,
08/10/2020,Hispanic,589809,9625,1631,1839,385,65,122
08/10/2020,NH American Indian or Alaskan Native,9566,48,502,540,2,21,
08/10/2020,NH Asian or Pacific Islander,177966,721,405,414,48,27,40
08/10/2020,NH Black,387134,6654,1718,1739,657,170,199
08/10/2020,NH Multiracial,,165,,,34,,
08/10/2020,NH Other,,311,,,20,,
08/10/2020,NH White,2408190,17815,740,571,3257,135,74
08/10/2020,Unknown,,15345,,,41,,
08/11/2020,Hispanic,589809,9633,1632,1839,390,66,124
08/11/2020,NH American Indian or Alaskan Native,9566,49,512,557,2,21,
08/11/2020,NH Asian or Pacific Islander,177966,721,405,414,48,27,40
08/11/2020,NH Black,387134,6642,1715,1735,657,170,199
08/11/2020,NH Multiracial,,168,,,34,,
08/11/2020,NH Other,,307,,,20,,
08/11/2020,NH White,2408190,17757,737,569,3258,135,74
08/11/2020,Unknown,,15429,,,41,,
08/12/2020,Hispanic,589809,9688,1642,1850,390,66,124
08/12/2020,NH American Indian or Alaskan Native,9566,50,523,566,2,21,
08/12/2020,NH Asian or Pacific Islander,177966,722,405,415,48,27,40
08/12/2020,NH Black,387134,6682,1726,1745,657,170,199
08/12/2020,NH Multiracial,,167,,,34,,
08/12/2020,NH Other,,313,,,20,,
08/12/2020,NH White,2408190,17861,742,573,3258,135,74
08/12/2020,Unknown,,15299,,,41,,
08/13/2020,Hispanic,589809,9714,1646,1855,390,66,124
08/13/2020,NH American Indian or Alaskan Native,9566,50,523,566,2,21,
08/13/2020,NH Asian or Pacific Islander,177966,724,406,416,48,27,40
08/13/2020,NH Black,387134,6710,1733,1753,658,170,199
08/13/2020,NH Multiracial,,168,,,34,,
08/13/2020,NH Other,,315,,,20,,
08/13/2020,NH White,2408190,17888,743,574,3260,135,74
08/13/2020,Unknown,,15328,,,41,,
08/16/2020,Hispanic,589809,9758,1654,1860,393,67,125
07/13/2020,Hispanic,589809,9034,1531,1736,376,64,120
07/13/2020,NH American Indian or Alaskan Native,9566,44,460,503,2,21,
07/13/2020,NH Asian or Pacific Islander,177966,688,386,396,48,27,40
07/13/2020,NH Black,387134,6264,1618,1640,645,167,195
07/13/2020,NH Multiracial,,138,,,31,,
07/13/2020,NH Other,,291,,,21,,
07/13/2020,NH White,2408190,17024,707,539,3204,133,73
07/13/2020,Unknown,,14047,,,45,,
07/14/2020,Hispanic,589809,9047,1533,1739,376,64,120
07/14/2020,NH American Indian or Alaskan Native,9566,44,460,503,2,21,
07/14/2020,NH Asian or Pacific Islander,177966,689,387,396,48,27,40
07/14/2020,NH Black,387134,6273,1620,1642,646,167,195
07/14/2020,NH Multiracial,,139,,,31,,
07/14/2020,NH Other,,291,,,21,,
07/14/2020,NH White,2408190,17043,708,540,3211,133,73
07/14/2020,Unknown,,14110,,,45,,
07/15/2020,Hispanic,589809,9063,1536,1743,378,64,121
07/15/2020,NH American Indian or Alaskan Native,9566,44,460,503,2,21,
07/15/2020,NH Asian or Pacific Islander,177966,690,387,397,48,27,40
07/15/2020,NH Black,387134,6280,1622,1644,650,168,196
07/15/2020,NH Multiracial,,139,,,31,,
07/15/2020,NH Other,,292,,,21,,
07/15/2020,NH White,2408190,17058,708,540,3216,134,73
07/15/2020,Unknown,,14184,,,43,,
07/16/2020,Hispanic,589809,9070,1537,1742,380,64,121
07/16/2020,NH American Indian or Alaskan Native,9566,44,460,503,2,21,
07/16/2020,NH Asian or Pacific Islander,177966,690,387,397,49,28,41
07/16/2020,NH Black,387134,6278,1621,1644,651,168,196
07/16/2020,NH Multiracial,,139,,,31,,
07/16/2020,NH Other,,288,,,21,,
07/16/2020,NH White,2408190,17025,707,539,3218,134,73
07/16/2020,Unknown,,14359,,,44,,
07/19/2020,Hispanic,589809,9094,1541,1747,380,64,121
07/19/2020,NH American Indian or Alaskan Native,9566,44,460,503,2,21,
07/19/2020,NH Asian or Pacific Islander,177966,690,387,397,49,28,41
07/19/2020,NH Black,387134,6292,1625,1647,653,169,197
07/19/2020,NH Multiracial,,140,,,31,,
07/19/2020,NH Other,,289,,,21,,
07/19/2020,NH White,2408190,17038,707,540,3226,134,74
07/19/2020,Unknown,,14468,,,44,,
07/20/2020,Hispanic,589809,9116,1545,1752,380,64,121
07/20/2020,NH American Indian or Alaskan Native,9566,44,460,503,2,21,
07/20/2020,NH Asian or Pacific Islander,177966,691,388,397,48,27,40
07/20/2020,NH Black,387134,6312,1630,1653,652,168,197
07/20/2020,NH Multiracial,,140,,,31,,
07/20/2020,NH Other,,292,,,21,,
07/20/2020,NH White,2408190,17115,711,542,3229,134,74
07/20/2020,Unknown,,14386,,,43,,
07/21/2020,Hispanic,589809,9249,1567,1775,380,64,121
07/21/2020,NH American Indian or Alaskan Native,9566,44,460,503,2,21,
07/21/2020,NH Asian or Pacific Islander,177966,695,390,399,48,27,40
07/21/2020,NH Black,387134,6375,1646,1669,651,168,197
07/21/2020,NH Multiracial,,143,,,32,,
07/21/2020,NH Other,,293,,,21,,
07/21/2020,NH White,2408190,17226,715,546,3230,134,74
07/21/2020,Unknown,,14198,,,42,,
07/22/2020,Hispanic,589809,9258,1569,1776,381,65,121
07/22/2020,NH American Indian or Alaskan Native,9566,44,460,503,2,21,
07/22/2020,NH Asian or Pacific Islander,177966,697,391,401,48,27,40
07/22/2020,NH Black,387134,6382,1648,1671,653,169,197
07/22/2020,NH Multiracial,,145,,,33,,
07/22/2020,NH Other,,295,,,21,,
07/22/2020,NH White,2408190,17207,714,546,3230,134,74
07/22/2020,Unknown,,14204,,,42,,
07/23/2020,Hispanic,589809,9261,1569,1776,381,65,121
07/23/2020,NH American Indian or Alaskan Native,9566,44,460,503,2,21,
07/23/2020,NH Asian or Pacific Islander,177966,697,391,401,48,27,40
07/23/2020,NH Black,387134,6376,1646,1668,653,169,197
07/23/2020,NH Multiracial,,145,,,33,,
07/23/2020,NH Other,,293,,,21,,
07/23/2020,NH White,2408190,17183,713,546,3232,134,74
07/23/2020,Unknown,,14777,,,43,,
08/16/2020,NH American Indian or Alaskan Native,9566,50,523,566,2,21,
08/16/2020,NH Asian or Pacific Islander,177966,729,409,419,48,27,40
08/16/2020,NH Black,387134,6747,1742,1762,658,170,199
08/16/2020,NH Multiracial,,172,,,34,,
08/16/2020,NH Other,,319,,,20,,
08/16/2020,NH White,2408190,17954,745,576,3260,135,74
08/16/2020,Unknown,,15538,,,41,,
08/20/2020,Unknown,,15490,,,41,,
08/23/2020,Hispanic,589809,9982,1692,1897,393,67,125
08/23/2020,NH American Indian or Alaskan Native,9566,51,533,575,2,21,
08/23/2020,NH Asian or Pacific Islander,177966,743,417,427,48,27,40
08/23/2020,NH Black,387134,6865,1773,1792,659,170,199
08/23/2020,NH Multiracial,,180,,,34,,
08/23/2020,NH Other,,339,,,20,,
08/23/2020,NH White,2408190,18185,755,585,3263,135,74
08/23/2020,Unknown,,15666,,,41,,
08/24/2020,Hispanic,589809,9998,1694,1899,394,67,125
08/24/2020,NH American Indian or Alaskan Native,9566,51,533,575,2,21,
08/24/2020,NH Asian or Pacific Islander,177966,743,417,427,48,27,40
08/24/2020,NH Black,387134,6875,1775,1794,659,170,199
08/24/2020,NH Multiracial,,180,,,34,,
08/24/2020,NH Other,,339,,,20,,
08/24/2020,NH White,2408190,18194,755,586,3265,136,74
08/24/2020,Unknown,,15660,,,41,,
08/25/2020,Hispanic,589809,10032,1700,1905,395,67,125
08/25/2020,NH American Indian or Alaskan Native,9566,51,533,575,2,21,
08/25/2020,NH Asian or Pacific Islander,177966,746,419,429,48,27,40
08/25/2020,NH Black,387134,6902,1782,1801,658,170,199
08/25/2020,NH Multiracial,,180,,,34,,
08/25/2020,NH Other,,342,,,20,,
08/25/2020,NH White,2408190,18236,757,588,3265,136,74
08/25/2020,Unknown,,15731,,,41,,
08/26/2020,Hispanic,589809,10081,1709,1915,396,67,126
08/26/2020,NH American Indian or Alaskan Native,9566,51,533,575,2,21,
08/26/2020,NH Asian or Pacific Islander,177966,750,421,432,48,27,40
08/26/2020,NH Black,387134,6931,1790,1809,659,170,199
08/26/2020,NH Multiracial,,180,,,35,,
08/26/2020,NH Other,,344,,,21,,
08/26/2020,NH White,2408190,18292,759,590,3263,135,74
08/26/2020,Unknown,,15721,,,41,,
08/27/2020,Hispanic,589809,10133,1717,1923,396,67,126
08/27/2020,NH American Indian or Alaskan Native,9566,51,533,575,2,21,
08/27/2020,NH Asian or Pacific Islander,177966,760,426,438,48,27,40
08/27/2020,NH Black,387134,6947,1794,1814,659,170,199
08/27/2020,NH Multiracial,,180,,,35,,
08/27/2020,NH Other,,346,,,21,,
08/27/2020,NH White,2408190,18342,762,591,3263,135,74
08/27/2020,Unknown,,15736,,,41,,
08/30/2020,Hispanic,589809,10236,1735,1941,395,67,125
08/30/2020,NH American Indian or Alaskan Native,9566,51,533,575,2,21,
08/30/2020,NH Asian or Pacific Islander,177966,767,430,441,48,27,40
08/30/2020,NH Black,387134,7003,1809,1829,659,170,199
08/30/2020,NH Multiracial,,182,,,35,,
08/30/2020,NH Other,,348,,,21,,
08/30/2020,NH White,2408190,18514,769,598,3264,136,74
08/30/2020,Unknown,,15778,,,41,,
08/31/2020,Hispanic,589809,10253,1738,1943,395,67,125
08/31/2020,NH American Indian or Alaskan Native,9566,52,544,587,2,21,
08/31/2020,NH Asian or Pacific Islander,177966,771,433,443,48,27,40
08/31/2020,NH Black,387134,7023,1814,1833,659,170,199
08/31/2020,NH Multiracial,,191,,,35,,
08/31/2020,NH Other,,350,,,21,,
08/31/2020,NH White,2408190,18617,773,602,3265,136,74
08/31/2020,Unknown,,15749,,,41,,
09/01/2020,Hispanic,589809,10288,1744,1950,396,67,126
07/26/2020,Hispanic,589809,9368,1587,1795,381,65,121
07/26/2020,NH American Indian or Alaskan Native,9566,46,481,523,2,21,
07/26/2020,NH Asian or Pacific Islander,177966,705,396,405,48,27,40
07/26/2020,NH Black,387134,6436,1662,1684,653,169,197
07/26/2020,NH Multiracial,,146,,,33,,
07/26/2020,NH Other,,297,,,21,,
07/26/2020,NH White,2408190,17384,722,553,3238,134,74
07/26/2020,Unknown,,14601,,,42,,
07/27/2020,Hispanic,589809,9390,1591,1799,382,65,122
07/27/2020,NH American Indian or Alaskan Native,9566,46,481,523,2,21,
07/27/2020,NH Asian or Pacific Islander,177966,705,396,405,48,27,40
07/27/2020,NH Black,387134,6443,1664,1685,654,169,198
07/27/2020,NH Multiracial,,147,,,33,,
07/27/2020,NH Other,,297,,,21,,
07/27/2020,NH White,2408190,17413,723,554,3241,135,74
07/27/2020,Unknown,,14636,,,42,,
07/28/2020,Hispanic,589809,9423,1597,1805,382,65,122
07/28/2020,NH American Indian or Alaskan Native,9566,46,481,524,2,21,
07/28/2020,NH Asian or Pacific Islander,177966,708,397,407,48,27,40
07/28/2020,NH Black,387134,6469,1670,1692,654,169,198
07/28/2020,NH Multiracial,,149,,,33,,
07/28/2020,NH Other,,299,,,21,,
07/28/2020,NH White,2408190,17496,726,558,3243,135,74
07/28/2020,Unknown,,14950,,,42,,
07/29/2020,Hispanic,589809,9437,1599,1807,382,65,122
07/29/2020,NH American Indian or Alaskan Native,9566,46,481,524,2,21,
07/29/2020,NH Asian or Pacific Islander,177966,711,399,408,48,27,40
07/29/2020,NH Black,387134,6491,1676,1698,655,169,198
07/29/2020,NH Multiracial,,150,,,33,,
07/29/2020,NH Other,,299,,,21,,
07/29/2020,NH White,2408190,17534,728,559,3248,135,74
07/29/2020,Unknown,,15002,,,42,,
07/30/2020,Hispanic,589809,9449,1601,1809,382,65,122
07/30/2020,NH American Indian or Alaskan Native,9566,47,491,534,2,21,
07/30/2020,NH Asian or Pacific Islander,177966,708,397,407,48,27,40
07/30/2020,NH Black,387134,6509,1681,1702,656,169,198
07/30/2020,NH Multiracial,,151,,,33,,
07/30/2020,NH Other,,299,,,21,,
07/30/2020,NH White,2408190,17541,728,559,3248,135,74
07/30/2020,Unknown,,15106,,,42,,
08/02/2020,Hispanic,589809,9494,1609,1815,383,65,122
08/02/2020,NH American Indian or Alaskan Native,9566,48,502,540,2,21,
08/02/2020,NH Asian or Pacific Islander,177966,713,400,410,48,27,40
08/02/2020,NH Black,387134,6550,1691,1712,656,169,198
08/02/2020,NH Multiracial,,155,,,34,,
08/02/2020,NH Other,,307,,,20,,
08/02/2020,NH White,2408190,17622,732,563,3253,135,74
08/02/2020,Unknown,,15173,,,41,,
08/03/2020,Hispanic,589809,9510,1612,1818,383,65,122
04/20/2020,Hispanic,589809,2269,385,,109,18,
04/20/2020,NH Asian,187532,215,115,,14,7,
04/20/2020,NH Black,387134,1823,471,,184,48,
04/20/2020,NH Other,0,118,0,,11,0,
04/20/2020,NH White,2408190,5101,212,,845,35,
04/20/2020,Unknown,0,8837,0,,38,0,
05/05/2020,Hispanic,589809,5079,861,,234,40,
05/05/2020,NH American Indian or Alaskan Native,9566,30,314,,0,0,
05/05/2020,NH Asian or Pacific Islander,177966,444,249,,25,14,
05/05/2020,NH Black,387134,3720,961,,399,103,
05/05/2020,NH Multiracial,,43,,,8,,
05/05/2020,NH Other,,163,,,14,,
05/05/2020,NH White,2408190,9964,414,,1879,78,
05/05/2020,Unknown,,11178,,,74,,
05/18/2020,Hispanic,589809,6669,1131,,294,50,
05/18/2020,NH American Indian or Alaskan Native,9566,38,397,,1,10,
05/18/2020,NH Asian or Pacific Islander,177966,561,315,,35,20,
05/18/2020,NH Black,387134,4788,1237,,512,132,
05/18/2020,NH Multiracial,,66,,,13,,
05/18/2020,NH Other,,193,,,15,,
05/18/2020,NH White,2408190,12185,506,,2520,105,
05/18/2020,Unknown,,13930,,,82,,
05/19/2020,Hispanic,589809,6847,1161,,305,52,
05/19/2020,NH American Indian or Alaskan Native,9566,38,397,,1,10,
05/19/2020,NH Asian or Pacific Islander,177966,563,316,,35,20,
05/19/2020,NH Black,387134,4904,1267,,519,134,
05/19/2020,NH Multiracial,,68,,,13,,
05/19/2020,NH Other,,198,,,15,,
05/19/2020,NH White,2408190,12455,517,,2560,106,
05/19/2020,Unknown,,13944,,,81,,
05/20/2020,Hispanic,589809,6945,1177,,312,53,
05/20/2020,NH American Indian or Alaskan Native,9566,38,397,,1,10,
05/20/2020,NH Asian or Pacific Islander,177966,571,321,,35,20,
05/20/2020,NH Black,387134,4959,1281,,525,136,
05/20/2020,NH Multiracial,,76,,,15,,
05/20/2020,NH Other,,199,,,14,,
05/20/2020,NH White,2408190,12606,523,,2600,108,
05/20/2020,Unknown,,13814,,,80,,
05/21/2020,Hispanic,589809,7051,1195,,316,54,
05/21/2020,NH American Indian or Alaskan Native,9566,39,408,,1,10,
05/21/2020,NH Asian or Pacific Islander,177966,576,324,,36,20,
05/21/2020,NH Black,387134,5029,1299,,533,138,
05/21/2020,NH Multiracial,,78,,,16,,
05/21/2020,NH Other,,203,,,13,,
05/21/2020,NH White,2408190,12783,531,,2639,110,
05/21/2020,Unknown,,13881,,,83,,
05/22/2020,Hispanic,589809,7120,1207,,320,54,
05/22/2020,NH American Indian or Alaskan Native,9566,39,408,,1,10,
05/22/2020,NH Asian or Pacific Islander,177966,579,325,,35,20,
05/22/2020,NH Black,387134,5065,1308,,540,139,
05/22/2020,NH Multiracial,,78,,,16,,
05/22/2020,NH Other,,204,,,13,,
05/22/2020,NH White,2408190,12891,535,,2661,110,
05/22/2020,Unknown,,14046,,,89,,
05/23/2020,Hispanic,589809,7185,1218,,324,55,
05/23/2020,NH American Indian or Alaskan Native,9566,39,408,,1,10,
05/23/2020,NH Asian or Pacific Islander,177966,589,331,,36,20,
05/23/2020,NH Black,387134,5156,1332,,542,140,
05/23/2020,NH Multiracial,,80,,,16,,
05/23/2020,NH Other,,215,,,13,,
05/23/2020,NH White,2408190,13557,563,,2689,112,
05/23/2020,Unknown,,13647,,,72,,
05/24/2020,Hispanic,589809,7243,1228,,325,55,
05/24/2020,NH American Indian or Alaskan Native,9566,39,408,,1,10,
05/24/2020,NH Asian or Pacific Islander,177966,592,333,,35,20,
05/24/2020,NH Black,387134,5208,1345,,550,142,
05/24/2020,NH Multiracial,,83,,,17,,
05/24/2020,NH Other,,222,,,15,,
05/24/2020,NH White,2408190,13795,573,,2730,113,
05/24/2020,Unknown,,13691,,,69,,
05/25/2020,Hispanic,589809,7311,1239,1416,327,55,103
05/25/2020,NH American Indian or Alaskan Native,9566,39,408,443,1,10,
05/25/2020,NH Asian or Pacific Islander,177966,599,336,344,36,20,31
05/25/2020,NH Black,387134,5249,1355,1372,557,144,168
05/25/2020,NH Multiracial,,85,,,19,,
05/25/2020,NH Other,,222,,,14,,
05/25/2020,NH White,2408190,13913,578,443,2748,114,63
05/25/2020,Unknown,,13885,,,67,,
05/26/2020,Hispanic,589809,7316,1240,,334,57,
05/26/2020,NH American Indian or Alaskan Native,9566,39,408,,2,21,
05/26/2020,NH Asian or Pacific Islander,177966,596,335,,36,20,
05/26/2020,NH Black,387134,5248,1356,,560,145,
05/26/2020,NH Multiracial,,95,,,23,,
05/26/2020,NH Other,,220,,,13,,
05/26/2020,NH White,2408190,13951,579,,2764,115,
05/26/2020,Unknown,,13823,,,71,,
05/27/2020,Hispanic,589809,7359,1248,1418,332,56,105
05/27/2020,NH American Indian or Alaskan Native,9566,40,418,445,2,21,
05/27/2020,NH Asian or Pacific Islander,177966,599,337,343,37,21,31
10/07/2020,Unknown,,18024,,,42,,
05/27/2020,NH Black,387134,5285,1365,1372,566,146,169
05/27/2020,NH Multiracial,,97,,,24,,
05/27/2020,NH Other,,223,,,13,,
05/27/2020,NH White,2408190,14059,584,443,2791,116,63
05/27/2020,Unknown,,13897,,,61,,
06/01/2020,Hispanic,589809,7710,1307,1494,341,58,109
06/01/2020,NH American Indian or Alaskan Native,9566,40,418,454,2,21,
06/01/2020,NH Asian or Pacific Islander,177966,627,352,361,41,23,35
06/01/2020,NH Black,387134,5536,1429,1448,591,153,179
06/01/2020,NH Multiracial,,105,,,26,,
06/01/2020,NH Other,,232,,,16,,
06/01/2020,NH White,2408190,14733,612,467,2890,120,66
06/01/2020,Unknown,,13996,,,65,,
06/02/2020,Hispanic,589809,7766,1316,1503,339,57,108
06/02/2020,NH American Indian or Alaskan Native,9566,40,418,454,2,21,
06/02/2020,NH Asian or Pacific Islander,177966,633,355,364,41,23,35
06/02/2020,NH Black,387134,5573,1439,1457,592,153,179
06/02/2020,NH Multiracial,,106,,,26,,
06/02/2020,NH Other,,232,,,16,,
06/02/2020,NH White,2408190,14814,615,469,2908,121,66
06/02/2020,Unknown,,13927,,,65,,
06/03/2020,Hispanic,589809,7821,1325,1513,342,58,109
06/03/2020,NH American Indian or Alaskan Native,9566,39,408,438,2,21,
06/03/2020,NH Asian or Pacific Islander,177966,638,358,367,42,24,36
06/03/2020,NH Black,387134,5615,1450,1468,596,154,181
06/03/2020,NH Multiracial,,107,,,26,,
06/03/2020,NH Other,,236,,,16,,
06/03/2020,NH White,2408190,14906,619,472,2919,121,66
06/03/2020,Unknown,,13877,,,64,,
06/04/2020,Hispanic,589809,7866,1333,1522,343,58,109
06/04/2020,NH American Indian or Alaskan Native,9566,39,408,438,2,21,
06/04/2020,NH Asian or Pacific Islander,177966,640,359,369,44,25,37
06/04/2020,NH Black,387134,5637,1456,1475,603,156,182
06/04/2020,NH Multiracial,,113,,,26,,
06/04/2020,NH Other,,241,,,16,,
06/04/2020,NH White,2408190,15015,623,475,2942,122,67
06/04/2020,Unknown,,13909,,,62,,
06/05/2020,Hispanic,589809,7940,1346,1536,344,58,110
06/05/2020,NH American Indian or Alaskan Native,9566,39,408,438,2,21,
06/05/2020,NH Asian or Pacific Islander,177966,648,364,373,44,25,37
06/05/2020,NH Black,387134,5686,1468,1488,610,158,184
06/05/2020,NH Multiracial,,114,,,26,,
06/05/2020,NH Other,,244,,,16,,
06/05/2020,NH White,2408190,15097,627,478,2951,123,67
06/05/2020,Unknown,,14050,,,62,,
06/06/2020,Hispanic,589809,7977,1352,1543,344,58,110
06/06/2020,NH American Indian or Alaskan Native,9566,40,418,452,2,21,
06/06/2020,NH Asian or Pacific Islander,177966,649,364,374,44,25,37
06/06/2020,NH Black,387134,5714,1475,1496,611,158,185
06/06/2020,NH Multiracial,,114,,,26,,
06/06/2020,NH Other,,245,,,16,,
06/06/2020,NH White,2408190,15142,629,480,2966,123,68
06/06/2020,Unknown,,14087,,,62,,
06/07/2020,Hispanic,589809,8002,1356,1549,345,58,110
06/07/2020,NH American Indian or Alaskan Native,9566,39,408,445,2,21,
06/07/2020,NH Asian or Pacific Islander,177966,649,364,374,44,25,37
06/07/2020,NH Black,387134,5726,1479,1498,611,158,185
06/07/2020,NH Multiracial,,116,,,27,,
06/07/2020,NH Other,,246,,,16,,
06/07/2020,NH White,2408190,15179,630,481,2978,124,68
06/07/2020,Unknown,,14135,,,61,,
06/08/2020,Hispanic,589809,8030,1361,1556,348,59,111
06/08/2020,NH American Indian or Alaskan Native,9566,39,408,445,2,21,
06/08/2020,NH Asian or Pacific Islander,177966,649,364,374,44,25,37
06/08/2020,NH Black,387134,5734,1481,1501,614,159,186
06/08/2020,NH Multiracial,,117,,,27,,
06/08/2020,NH Other,,247,,,16,,
06/08/2020,NH White,2408190,15238,633,482,2978,124,68
06/08/2020,Unknown,,14125,,,68,,
06/09/2020,Hispanic,589809,8082,1370,1565,349,59,111
06/09/2020,NH American Indian or Alaskan Native,9566,39,408,445,2,21,
06/09/2020,NH Asian or Pacific Islander,177966,650,365,374,45,25,38
06/09/2020,NH Black,387134,5761,1488,1508,619,160,187
06/09/2020,NH Multiracial,,117,,,26,,
06/09/2020,NH Other,,249,,,16,,
06/09/2020,NH White,2408190,15320,636,485,3002,125,68
06/09/2020,Unknown,,14129,,,61,,
06/10/2020,Hispanic,589809,8130,1378,1573,351,59,112
06/10/2020,NH American Indian or Alaskan Native,9566,39,408,445,2,21,
06/10/2020,NH Asian or Pacific Islander,177966,654,367,377,45,25,38
06/10/2020,NH Black,387134,5781,1493,1513,620,160,188
06/10/2020,NH Multiracial,,118,,,26,,
06/10/2020,NH Other,,251,,,15,,
06/10/2020,NH White,2408190,15369,638,486,3024,126,69
06/10/2020,Unknown,,14119,,,63,,
06/11/2020,Hispanic,589809,8190,1388,1584,351,59,112
06/11/2020,NH American Indian or Alaskan Native,9566,39,408,445,2,21,
06/11/2020,NH Asian or Pacific Islander,177966,654,367,377,45,25,38
06/11/2020,NH Black,387134,5797,1497,1517,622,161,188
06/11/2020,NH Multiracial,,118,,,26,,
06/11/2020,NH Other,,253,,,16,,
06/11/2020,NH White,2408190,15415,640,488,3035,126,69
06/11/2020,Unknown,,14223,,,62,,
06/12/2020,Hispanic,589809,8238,1396,1593,354,60,113
06/12/2020,NH American Indian or Alaskan Native,9566,40,418,457,2,21,
06/12/2020,NH Asian or Pacific Islander,177966,656,368,378,45,25,38
06/12/2020,NH Black,387134,5839,1508,1528,623,161,188
06/12/2020,NH Multiracial,,119,,,26,,
06/12/2020,NH Other,,252,,,16,,
06/12/2020,NH White,2408190,15542,645,492,3058,127,70
06/12/2020,Unknown,,14308,,,62,,
06/13/2020,Hispanic,589809,8251,1398,1595,355,60,113
06/13/2020,NH American Indian or Alaskan Native,9566,40,418,457,2,21,
06/13/2020,NH Asian or Pacific Islander,177966,655,367,377,45,25,38
06/13/2020,NH Black,387134,5846,1510,1530,625,161,189
06/13/2020,NH Multiracial,,119,,,26,,
06/13/2020,NH Other,,252,,,16,,
06/13/2020,NH White,2408190,15570,646,492,3070,127,70
06/13/2020,Unknown,,14355,,,62,,
06/14/2020,Hispanic,589809,8272,1402,1599,356,60,114
06/14/2020,NH American Indian or Alaskan Native,9566,40,418,457,2,21,
06/14/2020,NH Asian or Pacific Islander,177966,656,368,378,45,25,38
06/14/2020,NH Black,387134,5872,1516,1537,625,161,189
06/14/2020,NH Multiracial,,119,,,26,,
06/14/2020,NH Other,,253,,,16,,
06/14/2020,NH White,2408190,15592,647,493,3072,128,70
06/14/2020,Unknown,,14431,,,62,,
06/15/2020,Hispanic,589809,8329,1411,1605,357,60,114
06/15/2020,NH American Indian or Alaskan Native,9566,41,429,465,2,21,
06/15/2020,NH Asian or Pacific Islander,177966,658,369,378,45,25,38
06/15/2020,NH Black,387134,5886,1520,1540,626,162,189
06/15/2020,NH Multiracial,,119,,,26,,
06/15/2020,NH Other,,253,,,16,,
06/15/2020,NH White,2408190,15628,649,495,3076,128,70
06/15/2020,Unknown,,14435,,,62,,
06/16/2020,Hispanic,589809,8378,1420,1614,357,60,114
06/16/2020,NH American Indian or Alaskan Native,9566,41,429,467,2,21,
06/16/2020,NH Asian or Pacific Islander,177966,661,371,379,45,25,38
06/16/2020,NH Black,387134,5908,1526,1545,627,162,189
06/16/2020,NH Multiracial,,120,,,26,,
06/16/2020,NH Other,,253,,,17,,
06/16/2020,NH White,2408190,15676,651,497,3080,128,70
06/16/2020,Unknown,,14392,,,65,,
06/17/2020,Hispanic,589809,8395,1423,1617,357,60,114
06/17/2020,NH American Indian or Alaskan Native,9566,41,429,467,2,21,
06/17/2020,NH Asian or Pacific Islander,177966,661,371,379,45,25,38
06/17/2020,NH Black,387134,5915,1528,1548,627,162,189
06/17/2020,NH Multiracial,,120,,,26,,
06/17/2020,NH Other,,251,,,16,,
06/17/2020,NH White,2408190,15717,653,499,3089,128,70
06/17/2020,Unknown,,14340,,,64,,
06/18/2020,Hispanic,589809,8454,1433,1628,360,61,115
06/18/2020,NH American Indian or Alaskan Native,9566,41,429,467,2,21,
06/18/2020,NH Asian or Pacific Islander,177966,662,371,380,45,25,38
06/18/2020,NH Black,387134,5934,1533,1553,631,163,191
06/18/2020,NH Multiracial,,120,,,26,,
06/18/2020,NH Other,,252,,,15,,
06/18/2020,NH White,2408190,15766,655,500,3097,129,71
06/18/2020,Unknown,,14328,,,62,,
06/19/2020,Hispanic,589809,8515,1443,1641,364,62,116
06/19/2020,NH American Indian or Alaskan Native,9566,41,429,467,2,21,
06/19/2020,NH Asian or Pacific Islander,177966,662,371,380,45,25,38
06/19/2020,NH Black,387134,5953,1537,1558,633,164,192
06/19/2020,NH Multiracial,,122,,,26,,
06/19/2020,NH Other,,253,,,15,,
06/19/2020,NH White,2408190,15835,657,502,3104,129,71
06/19/2020,Unknown,,14334,,,62,,
06/20/2020,Hispanic,589809,8528,1445,1643,365,62,116
06/20/2020,NH American Indian or Alaskan Native,9566,41,429,467,2,21,
06/20/2020,NH Asian or Pacific Islander,177966,665,373,382,45,25,38
06/20/2020,NH Black,387134,5958,1539,1560,635,164,192
06/20/2020,NH Multiracial,,122,,,26,,
06/20/2020,NH Other,,253,,,15,,
06/20/2020,NH White,2408190,15845,658,503,3110,129,71
06/20/2020,Unknown,,14343,,,62,,
06/21/2020,Hispanic,589809,8563,1451,1649,365,62,116
06/21/2020,NH American Indian or Alaskan Native,9566,41,429,467,2,21,
06/21/2020,NH Asian or Pacific Islander,177966,665,373,382,45,25,38
06/21/2020,NH Black,387134,5980,1544,1565,636,164,192
06/21/2020,NH Multiracial,,121,,,26,,
06/21/2020,NH Other,,253,,,15,,
06/21/2020,NH White,2408190,15885,659,504,3113,129,71
06/21/2020,Unknown,,14274,,,61,,
06/22/2020,Hispanic,589809,8586,1455,1654,366,62,117
06/22/2020,NH American Indian or Alaskan Native,9566,41,429,467,2,21,
06/22/2020,NH Asian or Pacific Islander,177966,668,375,384,45,25,38
06/22/2020,NH Black,387134,5999,1549,1571,638,165,193
06/22/2020,NH Multiracial,,120,,,26,,
06/22/2020,NH Other,,253,,,15,,
06/22/2020,NH White,2408190,15948,662,507,3123,130,71
06/22/2020,Unknown,,14284,,,62,,
06/23/2020,Hispanic,589809,8593,1456,1656,368,62,117
06/23/2020,NH American Indian or Alaskan Native,9566,41,429,467,2,21,
06/23/2020,NH Asian or Pacific Islander,177966,668,375,384,45,25,38
06/23/2020,NH Black,387134,6003,1550,1572,639,165,193
06/23/2020,NH Multiracial,,120,,,26,,
06/23/2020,NH Other,,252,,,15,,
06/23/2020,NH White,2408190,15952,662,507,3130,130,71
06/23/2020,Unknown,,14284,,,62,,
06/24/2020,Hispanic,589809,8644,1465,1665,368,62,117
06/24/2020,NH American Indian or Alaskan Native,9566,41,429,467,2,21,
06/24/2020,NH Asian or Pacific Islander,177966,669,375,384,45,25,38
06/24/2020,NH Black,387134,6027,1557,1578,641,166,194
06/24/2020,NH Multiracial,,120,,,26,,
06/24/2020,NH Other,,252,,,15,,
06/24/2020,NH White,2408190,16024,665,509,3139,130,72
06/24/2020,Unknown,,14217,,,62,,
06/25/2020,Hispanic,589809,8655,1467,1668,370,63,118
06/25/2020,NH American Indian or Alaskan Native,9566,42,439,477,2,21,
06/25/2020,NH Asian or Pacific Islander,177966,669,375,384,45,25,38
06/25/2020,NH Black,387134,6037,1559,1581,642,166,194
06/25/2020,NH Multiracial,,120,,,26,,
06/25/2020,NH Other,,252,,,15,,
06/25/2020,NH White,2408190,16051,666,510,3145,131,72
06/25/2020,Unknown,,14233,,,62,,
06/26/2020,Hispanic,589809,8680,1471,1673,370,63,118
06/26/2020,NH American Indian or Alaskan Native,9566,49,512,565,2,21,
06/26/2020,NH Asian or Pacific Islander,177966,669,375,384,45,25,38
06/26/2020,NH Black,387134,6045,1561,1583,642,166,194
06/26/2020,NH Multiracial,,121,,,26,,
06/26/2020,NH Other,,253,,,15,,
06/26/2020,NH White,2408190,16101,668,511,3149,131,72
06/26/2020,Unknown,,14288,,,62,,
06/27/2020,Hispanic,589809,8701,1475,1677,373,63,119
06/27/2020,NH American Indian or Alaskan Native,9566,49,512,565,2,21,
06/27/2020,NH Asian or Pacific Islander,177966,670,376,384,45,25,38
06/27/2020,NH Black,387134,6053,1563,1585,642,166,194
06/27/2020,NH Multiracial,,122,,,26,,
06/27/2020,NH Other,,254,,,15,,
06/27/2020,NH White,2408190,16121,669,512,3151,131,72
06/27/2020,Unknown,,14333,,,62,,
06/28/2020,Hispanic,589809,8741,1481,1684,373,63,119
06/28/2020,NH American Indian or Alaskan Native,9566,51,533,587,2,21,
06/28/2020,NH Asian or Pacific Islander,177966,677,379,388,45,25,38
06/28/2020,NH Black,387134,6074,1568,1591,642,166,194
06/28/2020,NH Multiracial,,125,,,27,,
06/28/2020,NH Other,,255,,,15,,
06/28/2020,NH White,2408190,16162,671,514,3154,131,72
06/28/2020,Unknown,,14277,,,62,,
06/29/2020,Hispanic,589809,8795,1490,1693,373,63,119
06/29/2020,NH American Indian or Alaskan Native,9566,51,533,583,2,21,
06/29/2020,NH Asian or Pacific Islander,177966,677,379,388,46,26,38
06/29/2020,NH Black,387134,6097,1574,1597,643,166,194
06/29/2020,NH Multiracial,,127,,,27,,
06/29/2020,NH Other,,257,,,16,,
06/29/2020,NH White,2408190,16258,675,517,3165,131,72
06/29/2020,Unknown,,14252,,,50,,
08/03/2020,NH American Indian or Alaskan Native,9566,48,502,540,2,21,
08/03/2020,NH Asian or Pacific Islander,177966,713,400,410,48,27,40
08/03/2020,NH Black,387134,6558,1693,1714,656,169,198
08/03/2020,NH Multiracial,,156,,,34,,
08/03/2020,NH Other,,307,,,20,,
08/03/2020,NH White,2408190,17640,732,564,3253,135,74
08/03/2020,Unknown,,15178,,,41,,
08/17/2020,Hispanic,589809,9770,1656,1862,393,67,125
08/17/2020,NH American Indian or Alaskan Native,9566,50,523,566,2,21,
08/17/2020,NH Asian or Pacific Islander,177966,730,410,420,48,27,40
08/17/2020,NH Black,387134,6749,1743,1763,658,170,199
08/17/2020,NH Multiracial,,172,,,34,,
08/17/2020,NH Other,,320,,,20,,
08/17/2020,NH White,2408190,17973,746,577,3260,135,74
08/17/2020,Unknown,,15491,,,41,,
08/18/2020,Hispanic,589809,9801,1661,1867,391,66,124
08/18/2020,NH American Indian or Alaskan Native,9566,50,523,566,2,21,
08/18/2020,NH Asian or Pacific Islander,177966,730,410,420,48,27,40
08/18/2020,NH Black,387134,6770,1748,1768,658,170,199
08/18/2020,NH Multiracial,,172,,,34,,
08/18/2020,NH Other,,320,,,20,,
08/18/2020,NH White,2408190,18001,747,578,3263,135,74
08/18/2020,Unknown,,15470,,,41,,
08/19/2020,Hispanic,589809,9843,1668,1875,391,66,124
08/19/2020,NH American Indian or Alaskan Native,9566,50,523,566,2,21,
08/19/2020,NH Asian or Pacific Islander,177966,733,411,422,48,27,40
08/19/2020,NH Black,387134,6787,1753,1772,658,170,199
08/19/2020,NH Multiracial,,172,,,34,,
08/19/2020,NH Other,,321,,,20,,
08/19/2020,NH White,2408190,18044,749,580,3264,136,74
08/19/2020,Unknown,,15482,,,41,,
08/20/2020,Hispanic,589809,9868,1672,1880,393,67,125
08/20/2020,NH American Indian or Alaskan Native,9566,50,523,566,2,21,
08/20/2020,NH Asian or Pacific Islander,177966,735,412,423,48,27,40
08/20/2020,NH Black,387134,6808,1758,1778,659,170,199
08/20/2020,NH Multiracial,,174,,,34,,
08/20/2020,NH Other,,322,,,20,,
08/20/2020,NH White,2408190,18072,750,581,3263,135,74
09/01/2020,NH American Indian or Alaskan Native,9566,52,544,587,2,21,
09/01/2020,NH Asian or Pacific Islander,177966,772,433,444,48,27,40
09/01/2020,NH Black,387134,7040,1818,1838,659,170,199
09/01/2020,NH Multiracial,,192,,,35,,
09/01/2020,NH Other,,348,,,21,,
09/01/2020,NH White,2408190,18651,774,603,3265,136,74
09/01/2020,Unknown,,15765,,,41,,
09/02/2020,Hispanic,589809,10316,1748,1954,396,67,126
09/02/2020,NH American Indian or Alaskan Native,9566,52,544,587,2,21,
09/02/2020,NH Asian or Pacific Islander,177966,773,434,444,48,27,40
09/02/2020,NH Black,387134,7046,1820,1839,659,170,199
09/02/2020,NH Multiracial,,192,,,35,,
09/02/2020,NH Other,,348,,,21,,
09/02/2020,NH White,2408190,18676,775,604,3266,136,74
09/02/2020,Unknown,,15806,,,41,,
09/03/2020,Hispanic,589809,10354,1755,1961,396,67,126
09/03/2020,NH American Indian or Alaskan Native,9566,52,544,587,2,21,
09/03/2020,NH Asian or Pacific Islander,177966,776,435,446,48,27,40
09/03/2020,NH Black,387134,7081,1829,1848,659,170,199
09/03/2020,NH Multiracial,,193,,,35,,
09/03/2020,NH Other,,347,,,21,,
09/03/2020,NH White,2408190,18744,778,607,3266,136,74
09/03/2020,Unknown,,15818,,,41,,
09/07/2020,Hispanic,589809,10440,1769,1977,397,67,126
09/07/2020,NH American Indian or Alaskan Native,9566,53,554,596,2,21,
09/07/2020,NH Asian or Pacific Islander,177966,781,438,448,48,27,40
09/07/2020,NH Black,387134,7146,1846,1865,661,171,200
09/07/2020,NH Multiracial,,194,,,35,,
09/07/2020,NH Other,,351,,,21,,
09/07/2020,NH White,2408190,18959,787,614,3269,136,74
09/07/2020,Unknown,,15858,,,41,,
09/08/2020,Hispanic,589809,10450,1771,1979,397,67,126
09/08/2020,NH American Indian or Alaskan Native,9566,53,554,596,2,21,
09/08/2020,NH Asian or Pacific Islander,177966,783,439,450,48,27,40
09/08/2020,NH Black,387134,7152,1847,1866,661,171,200
09/08/2020,NH Multiracial,,195,,,35,,
09/08/2020,NH Other,,351,,,21,,
09/08/2020,NH White,2408190,18987,788,615,3269,136,74
09/08/2020,Unknown,,15900,,,41,,
09/09/2020,Hispanic,589809,10507,1781,1989,398,67,126
09/09/2020,NH American Indian or Alaskan Native,9566,53,554,596,2,21,
09/09/2020,NH Asian or Pacific Islander,177966,788,442,452,48,27,40
09/09/2020,NH Black,387134,7166,1851,1870,661,171,200
09/09/2020,NH Multiracial,,195,,,35,,
09/09/2020,NH Other,,351,,,21,,
09/09/2020,NH White,2408190,19048,791,618,3272,136,75
09/09/2020,Unknown,,15985,,,41,,
09/10/2020,Hispanic,589809,10575,1792,2002,399,68,127
09/10/2020,NH American Indian or Alaskan Native,9566,53,554,596,2,21,
09/10/2020,NH Asian or Pacific Islander,177966,790,443,453,48,27,40
09/10/2020,NH Black,387134,7181,1855,1874,661,171,200
09/10/2020,NH Multiracial,,195,,,35,,
09/10/2020,NH Other,,351,,,21,,
09/10/2020,NH White,2408190,19122,794,621,3273,136,75
09/10/2020,Unknown,,16059,,,41,,
09/13/2020,Hispanic,589809,10735,1819,2035,399,68,127
09/13/2020,NH American Indian or Alaskan Native,9566,53,554,596,2,21,
09/13/2020,NH Asian or Pacific Islander,177966,806,452,462,48,27,40
09/13/2020,NH Black,387134,7233,1868,1887,661,171,200
09/13/2020,NH Multiracial,,231,,,35,,
09/13/2020,NH Other,,381,,,21,,
09/13/2020,NH White,2408190,19266,800,628,3278,136,75
09/13/2020,Unknown,,16190,,,41,,
09/14/2020,Hispanic,589809,10763,1824,2039,399,68,127
09/14/2020,NH American Indian or Alaskan Native,9566,53,554,596,2,21,
09/14/2020,NH Asian or Pacific Islander,177966,807,453,463,48,27,40
09/14/2020,NH Black,387134,7238,1869,1888,661,171,200
09/14/2020,NH Multiracial,,231,,,35,,
09/14/2020,NH Other,,381,,,21,,
09/14/2020,NH White,2408190,19288,801,629,3278,136,75
09/14/2020,Unknown,,16270,,,41,,
09/15/2020,Hispanic,589809,10813,1833,2047,400,68,128
09/15/2020,NH American Indian or Alaskan Native,9566,53,554,596,2,21,
09/15/2020,NH Asian or Pacific Islander,177966,811,455,466,48,27,40
09/15/2020,NH Black,387134,7263,1876,1894,661,171,200
09/15/2020,NH Multiracial,,236,,,35,,
09/15/2020,NH Other,,384,,,21,,
09/15/2020,NH White,2408190,19362,804,631,3279,136,75
09/15/2020,Unknown,,16244,,,41,,
09/16/2020,Hispanic,589809,10842,1838,2052,400,68,127
09/16/2020,NH American Indian or Alaskan Native,9566,53,554,596,2,21,
09/16/2020,NH Asian or Pacific Islander,177966,813,456,467,48,27,40
09/16/2020,NH Black,387134,7295,1884,1903,661,171,200
09/16/2020,NH Multiracial,,238,,,35,,
09/16/2020,NH Other,,394,,,21,,
09/16/2020,NH White,2408190,19413,806,633,3280,136,75
09/16/2020,Unknown,,16338,,,41,,
09/17/2020,Hispanic,589809,10887,1845,2060,400,68,127
09/17/2020,NH American Indian or Alaskan Native,9566,53,554,596,2,21,
09/17/2020,NH Asian or Pacific Islander,177966,815,457,468,48,27,40
09/17/2020,NH Black,387134,7306,1887,1905,662,171,200
09/17/2020,NH Multiracial,,239,,,35,,
09/17/2020,NH Other,,396,,,21,,
09/17/2020,NH White,2408190,19472,808,636,3283,136,75
09/17/2020,Unknown,,16359,,,41,,
09/20/2020,Hispanic,589809,11006,1865,2082,400,68,127
09/20/2020,NH American Indian or Alaskan Native,9566,54,564,603,2,21,
09/20/2020,NH Asian or Pacific Islander,177966,819,460,471,49,28,41
09/20/2020,NH Black,387134,7331,1893,1912,662,171,200
09/20/2020,NH Multiracial,,257,,,35,,
09/20/2020,NH Other,,447,,,21,,
09/20/2020,NH White,2408190,19581,813,640,3285,136,75
09/20/2020,Unknown,,16529,,,41,,
09/21/2020,Hispanic,589809,11017,1867,2083,400,68,127
09/21/2020,NH American Indian or Alaskan Native,9566,54,564,603,2,21,
09/21/2020,NH Asian or Pacific Islander,177966,820,460,471,49,28,41
09/21/2020,NH Black,387134,7333,1894,1912,662,171,200
09/21/2020,NH Multiracial,,261,,,35,,
09/21/2020,NH Other,,458,,,21,,
09/21/2020,NH White,2408190,19597,814,641,3286,136,75
09/21/2020,Unknown,,16620,,,41,,
09/22/2020,Hispanic,589809,11067,1876,2092,400,68,127
09/22/2020,NH American Indian or Alaskan Native,9566,55,575,611,2,21,
09/22/2020,NH Asian or Pacific Islander,177966,825,463,474,49,28,41
09/22/2020,NH Black,387134,7351,1899,1917,662,171,200
09/22/2020,NH Multiracial,,265,,,35,,
09/22/2020,NH Other,,462,,,21,,
09/22/2020,NH White,2408190,19676,817,644,3287,136,75
09/22/2020,Unknown,,16614,,,41,,
09/23/2020,Hispanic,589809,11079,1878,2093,400,68,127
09/23/2020,NH American Indian or Alaskan Native,9566,57,596,628,2,21,
09/23/2020,NH Asian or Pacific Islander,177966,827,464,475,49,28,41
09/23/2020,NH Black,387134,7335,1894,1912,662,171,200
09/23/2020,NH Multiracial,,277,,,35,,
09/23/2020,NH Other,,478,,,21,,
09/23/2020,NH White,2408190,19650,816,644,3289,137,75
09/23/2020,Unknown,,16769,,,41,,
09/24/2020,Hispanic,589809,11132,1887,2103,400,68,127
09/24/2020,NH American Indian or Alaskan Native,9566,57,596,628,2,21,
09/24/2020,NH Asian or Pacific Islander,177966,832,467,478,49,28,41
09/24/2020,NH Black,387134,7368,1903,1921,662,171,200
09/24/2020,NH Multiracial,,285,,,35,,
09/24/2020,NH Other,,486,,,21,,
09/24/2020,NH White,2408190,19768,821,648,3290,137,75
09/24/2020,Unknown,,16659,,,42,,
09/27/2020,Hispanic,589809,11119,1885,2098,400,68,127
09/27/2020,NH American Indian or Alaskan Native,9566,56,585,619,2,21,
10/08/2020,Hispanic,589809,11714,1985,2205,403,68,128
09/27/2020,NH Asian or Pacific Islander,177966,835,469,479,49,28,41
09/27/2020,NH Black,387134,7300,1885,1902,662,171,200
09/27/2020,NH Multiracial,,322,,,35,,
09/27/2020,NH Other,,504,,,21,,
09/27/2020,NH White,2408190,19653,816,645,3291,137,75
09/27/2020,Unknown,,17358,,,43,,
09/28/2020,Hispanic,589809,11256,1908,2126,400,68,127
09/28/2020,NH American Indian or Alaskan Native,9566,57,596,628,2,21,
09/28/2020,NH Asian or Pacific Islander,177966,844,474,484,49,28,41
09/28/2020,NH Black,387134,7413,1915,1932,662,171,200
09/28/2020,NH Multiracial,,330,,,35,,
09/28/2020,NH Other,,537,,,21,,
09/28/2020,NH White,2408190,19959,829,655,3294,137,75
09/28/2020,Unknown,,16933,,,42,,
09/29/2020,Hispanic,589809,11307,1916,2135,401,68,127
09/29/2020,NH American Indian or Alaskan Native,9566,58,606,638,2,21,
09/29/2020,NH Asian or Pacific Islander,177966,843,473,484,49,28,41
09/29/2020,NH Black,387134,7418,1916,1934,662,171,200
09/29/2020,NH Multiracial,,373,,,35,,
09/29/2020,NH Other,,557,,,21,,
09/29/2020,NH White,2408190,19985,830,657,3296,137,75
09/29/2020,Unknown,,17009,,,42,,
09/30/2020,Hispanic,589809,11336,1921,2140,401,68,127
09/30/2020,NH American Indian or Alaskan Native,9566,58,606,638,2,21,
09/30/2020,NH Asian or Pacific Islander,177966,846,475,485,49,28,41
09/30/2020,NH Black,387134,7426,1918,1936,665,172,201
09/30/2020,NH Multiracial,,386,,,35,,
09/30/2020,NH Other,,566,,,21,,
09/30/2020,NH White,2408190,20040,832,659,3296,137,75
09/30/2020,Unknown,,17084,,,42,,
10/01/2020,Hispanic,589809,11391,1931,2149,401,68,127
10/01/2020,NH American Indian or Alaskan Native,9566,58,606,638,2,21,
10/01/2020,NH Asian or Pacific Islander,177966,850,477,488,49,28,41
10/01/2020,NH Black,387134,7457,1926,1943,665,172,201
10/01/2020,NH Multiracial,,406,,,35,,
10/01/2020,NH Other,,617,,,21,,
10/01/2020,NH White,2408190,20199,839,666,3298,137,75
10/01/2020,Unknown,,17319,,,42,,
10/04/2020,Hispanic,589809,11494,1948,2168,401,68,127
10/04/2020,NH American Indian or Alaskan Native,9566,57,596,622,2,21,
10/04/2020,NH Asian or Pacific Islander,177966,858,482,492,49,28,41
10/04/2020,NH Black,387134,7486,1933,1950,666,172,201
10/04/2020,NH Multiracial,,432,,,35,,
10/04/2020,NH Other,,667,,,21,,
10/04/2020,NH White,2408190,20342,845,671,3301,137,75
10/04/2020,Unknown,,17784,,,42,,
10/05/2020,Hispanic,589809,11524,1953,2174,401,68,127
10/05/2020,NH American Indian or Alaskan Native,9566,58,606,638,2,21,
10/05/2020,NH Asian or Pacific Islander,177966,861,483,494,49,28,41
10/05/2020,NH Black,387134,7496,1936,1953,667,172,201
10/05/2020,NH Multiracial,,435,,,35,,
10/05/2020,NH Other,,677,,,21,,
10/05/2020,NH White,2408190,20352,845,671,3304,137,75
10/05/2020,Unknown,,17838,,,42,,
10/06/2020,Hispanic,589809,11538,1956,2176,401,68,127
10/06/2020,NH American Indian or Alaskan Native,9566,58,606,638,2,21,
10/06/2020,NH Asian or Pacific Islander,177966,863,484,495,49,28,41
10/06/2020,NH Black,387134,7501,1937,1954,667,172,201
10/06/2020,NH Multiracial,,439,,,35,,
10/06/2020,NH Other,,684,,,21,,
10/06/2020,NH White,2408190,20368,846,672,3305,137,75
10/06/2020,Unknown,,17913,,,42,,
10/07/2020,Hispanic,589809,11632,1971,2192,401,68,127
10/07/2020,NH American Indian or Alaskan Native,9566,58,606,638,2,21,
10/07/2020,NH Asian or Pacific Islander,177966,870,488,499,49,28,41
10/07/2020,NH Black,387134,7527,1944,1961,667,172,201
10/07/2020,NH Multiracial,,442,,,35,,
10/07/2020,NH Other,,708,,,21,,
10/07/2020,NH White,2408190,20487,851,677,3310,137,75
10/08/2020,NH American Indian or Alaskan Native,9566,58,606,638,2,21,
10/08/2020,NH Asian or Pacific Islander,177966,875,491,502,49,28,41
10/08/2020,NH Black,387134,7550,1950,1967,668,173,202
10/08/2020,NH Multiracial,,446,,,35,,
10/08/2020,NH Other,,712,,,21,,
10/08/2020,NH White,2408190,20570,854,680,3310,137,75
10/08/2020,Unknown,,18113,,,42,,
10/11/2020,Hispanic,589809,11991,2032,2254,403,68,128
10/11/2020,NH American Indian or Alaskan Native,9566,64,669,698,2,21,
10/11/2020,NH Asian or Pacific Islander,177966,891,500,510,49,28,41
10/11/2020,NH Black,387134,7686,1985,2001,668,173,202
10/11/2020,NH Multiracial,,489,,,35,,
10/11/2020,NH Other,,788,,,21,,
10/11/2020,NH White,2408190,21055,874,699,3312,138,75
10/11/2020,Unknown,,18413,,,42,,
10/12/2020,Hispanic,589809,12034,2039,2261,403,68,128
10/12/2020,NH American Indian or Alaskan Native,9566,64,669,698,2,21,
10/12/2020,NH Asian or Pacific Islander,177966,892,501,511,49,28,41
10/12/2020,NH Black,387134,7699,1988,2004,668,173,202
10/12/2020,NH Multiracial,,494,,,35,,
10/12/2020,NH Other,,793,,,21,,
10/12/2020,NH White,2408190,21146,878,702,3313,138,76
10/12/2020,Unknown,,18575,,,42,,
10/13/2020,Hispanic,589809,12092,2049,2271,403,68,128
10/13/2020,NH American Indian or Alaskan Native,9566,65,679,707,2,21,
10/13/2020,NH Asian or Pacific Islander,177966,897,503,514,49,28,41
10/13/2020,NH Black,387134,7715,1993,2009,668,173,202
10/13/2020,NH Multiracial,,507,,,36,,
10/13/2020,NH Other,,835,,,21,,
10/13/2020,NH White,2408190,21229,881,706,3316,138,76
10/13/2020,Unknown,,18521,,,42,,
10/14/2020,Hispanic,589809,12146,2058,2279,404,68,129
10/14/2020,NH American Indian or Alaskan Native,9566,67,700,728,2,21,
10/14/2020,NH Asian or Pacific Islander,177966,899,505,515,49,28,41
10/14/2020,NH Black,387134,7744,2000,2016,668,173,202
10/14/2020,NH Multiracial,,510,,,36,,
10/14/2020,NH Other,,839,,,21,,
10/14/2020,NH White,2408190,21341,886,710,3318,138,76
10/14/2020,Unknown,,18482,,,42,,
10/15/2020,Hispanic,589809,12235,2074,2295,404,68,129
10/15/2020,NH American Indian or Alaskan Native,9566,69,721,749,2,21,
10/15/2020,NH Asian or Pacific Islander,177966,914,513,523,49,28,41
10/15/2020,NH Black,387134,7767,2006,2022,668,173,202
10/15/2020,NH Multiracial,,517,,,36,,
10/15/2020,NH Other,,846,,,21,,
10/15/2020,NH White,2408190,21505,893,716,3320,138,76
10/15/2020,Unknown,,18977,,,42,,
10/18/2020,Hispanic,589809,12342,2092,2309,404,68,129
10/18/2020,NH American Indian or Alaskan Native,9566,71,742,771,2,21,
10/18/2020,NH Asian or Pacific Islander,177966,920,516,526,49,28,41
10/18/2020,NH Black,387134,7853,2028,2045,669,173,202
10/18/2020,NH Multiracial,,536,,,36,,
10/18/2020,NH Other,,925,,,21,,
10/18/2020,NH White,2408190,21877,908,732,3331,138,76
10/18/2020,Unknown,,19497,,,42,,
10/19/2020,Hispanic,589809,12410,2103,2320,405,69,129
10/19/2020,NH American Indian or Alaskan Native,9566,71,742,769,2,21,
10/19/2020,NH Asian or Pacific Islander,177966,926,520,530,49,28,41
10/19/2020,NH Black,387134,7899,2040,2057,668,173,202
10/19/2020,NH Multiracial,,541,,,36,,
10/19/2020,NH Other,,935,,,21,,
10/19/2020,NH White,2408190,22039,915,738,3335,138,76
10/19/2020,Unknown,,19634,,,43,,
10/20/2020,Hispanic,589809,12502,2119,2337,405,69,129
10/20/2020,NH American Indian or Alaskan Native,9566,70,732,759,2,21,
10/20/2020,NH Asian or Pacific Islander,177966,933,524,535,49,28,41
10/20/2020,NH Black,387134,7925,2047,2064,670,173,202
10/20/2020,NH Multiracial,,552,,,37,,
10/20/2020,NH Other,,948,,,21,,
10/20/2020,NH White,2408190,22146,919,743,3340,139,76
10/20/2020,Unknown,,19795,,,43,,
10/21/2020,Hispanic,589809,12595,2135,2354,405,69,129
10/21/2020,NH American Indian or Alaskan Native,9566,71,742,772,2,21,
10/21/2020,NH Asian or Pacific Islander,177966,933,524,536,49,28,41
10/21/2020,NH Black,387134,7960,2056,2073,670,173,202
10/21/2020,NH Multiracial,,563,,,37,,
10/21/2020,NH Other,,974,,,21,,
10/21/2020,NH White,2408190,22296,926,749,3342,139,76
10/21/2020,Unknown,,19981,,,43,,
10/22/2020,Hispanic,589809,12662,2146,2365,405,69,129
10/22/2020,NH American Indian or Alaskan Native,9566,72,753,786,2,21,
10/22/2020,NH Asian or Pacific Islander,177966,939,528,539,50,28,42
10/22/2020,NH Black,387134,7983,2062,2078,670,173,202
10/22/2020,NH Multiracial,,568,,,37,,
10/22/2020,NH Other,,1014,,,22,,
10/22/2020,NH White,2408190,22435,931,755,3348,139,76
10/22/2020,Unknown,,20379,,,43,,
10/25/2020,Hispanic,589809,13065,2215,2437,406,69,129
10/25/2020,NH American Indian or Alaskan Native,9566,74,774,804,2,21,
10/25/2020,NH Asian or Pacific Islander,177966,954,536,546,50,28,42
10/25/2020,NH Black,387134,8148,2104,2120,672,174,203
10/25/2020,NH Multiracial,,588,,,37,,
10/25/2020,NH Other,,1085,,,22,,
10/25/2020,NH White,2408190,23011,955,778,3357,139,76
10/25/2020,Unknown,,21174,,,43,,
10/26/2020,Hispanic,589809,13155,2230,2453,406,69,129
10/26/2020,NH American Indian or Alaskan Native,9566,75,784,814,2,21,
10/26/2020,NH Asian or Pacific Islander,177966,957,538,548,50,28,42
10/26/2020,NH Black,387134,8172,2111,2125,673,174,203
10/26/2020,NH Multiracial,,596,,,39,,
10/26/2020,NH Other,,1102,,,22,,
10/26/2020,NH White,2408190,23162,962,784,3360,140,77
10/26/2020,Unknown,,21418,,,43,,
10/27/2020,Hispanic,589809,13305,2255,2478,410,70,130
10/27/2020,NH American Indian or Alaskan Native,9566,75,784,814,2,21,
10/27/2020,NH Asian or Pacific Islander,177966,968,544,555,50,28,42
10/27/2020,NH Black,387134,8210,2120,2136,674,174,204
10/27/2020,NH Multiracial,,596,,,39,,
10/27/2020,NH Other,,1115,,,22,,
10/27/2020,NH White,2408190,23360,970,792,3363,140,77
10/27/2020,Unknown,,21498,,,44,,
10/28/2020,Hispanic,589809,13658,2315,2538,411,70,131
10/28/2020,NH American Indian or Alaskan Native,9566,76,794,823,2,21,
10/28/2020,NH Asian or Pacific Islander,177966,980,551,561,50,28,42
10/28/2020,NH Black,387134,8278,2138,2154,674,174,204
10/28/2020,NH Multiracial,,604,,,39,,
10/28/2020,NH Other,,1139,,,22,,
10/28/2020,NH White,2408190,23749,986,808,3367,140,77
10/28/2020,Unknown,,21962,,,44,,
10/29/2020,Hispanic,589809,13807,2341,2564,412,70,131
10/29/2020,NH American Indian or Alaskan Native,9566,77,805,832,2,21,
10/29/2020,NH Asian or Pacific Islander,177966,994,559,569,50,28,42
10/29/2020,NH Black,387134,8329,2151,2166,674,174,204
10/29/2020,NH Multiracial,,616,,,39,,
10/29/2020,NH Other,,1183,,,22,,
10/29/2020,NH White,2408190,23943,994,816,3373,140,77
10/29/2020,Unknown,,22258,,,44,,
11/01/2020,Hispanic,589809,14409,2443,2670,413,70,131
11/01/2020,NH American Indian or Alaskan Native,9566,88,920,957,2,21,
11/01/2020,NH Asian or Pacific Islander,177966,1009,567,577,51,29,43
11/01/2020,NH Black,387134,8507,2197,2211,676,175,204
11/01/2020,NH Multiracial,,649,,,39,,
11/01/2020,NH Other,,1261,,,22,,
11/01/2020,NH White,2408190,24588,1021,842,3380,140,77
11/01/2020,Unknown,,23347,,,44,,
11/02/2020,Hispanic,589809,14496,2457,2686,415,70,131
11/02/2020,NH American Indian or Alaskan Native,9566,88,920,957,2,21,
11/12/2020,Unknown,,29959,,,44,,
11/02/2020,NH Asian or Pacific Islander,177966,1017,571,582,51,29,43
11/02/2020,NH Black,387134,8542,2206,2221,678,175,205
11/02/2020,NH Multiracial,,653,,,39,,
11/02/2020,NH Other,,1282,,,22,,
11/02/2020,NH White,2408190,24746,1027,849,3384,141,77
11/02/2020,Unknown,,24019,,,44,,
11/03/2020,Hispanic,589809,14664,2486,2714,417,71,132
11/03/2020,NH American Indian or Alaskan Native,9566,88,920,957,2,21,
11/03/2020,NH Asian or Pacific Islander,177966,1026,577,587,51,29,43
11/03/2020,NH Black,387134,8562,2211,2226,679,175,205
11/03/2020,NH Multiracial,,675,,,39,,
11/03/2020,NH Other,,1294,,,22,,
11/03/2020,NH White,2408190,24962,1036,858,3391,141,77
11/03/2020,Unknown,,24102,,,44,,
11/04/2020,Hispanic,589809,14973,2538,2768,417,71,132
11/04/2020,NH American Indian or Alaskan Native,9566,91,951,984,2,21,
11/04/2020,NH Asian or Pacific Islander,177966,1040,584,594,51,29,43
11/04/2020,NH Black,387134,8669,2238,2251,681,176,206
11/04/2020,NH Multiracial,,722,,,39,,
11/04/2020,NH Other,,1370,,,22,,
11/04/2020,NH White,2408190,25583,1062,883,3399,141,77
11/04/2020,Unknown,,24612,,,45,,
11/05/2020,Hispanic,589809,15125,2564,2796,419,71,133
11/05/2020,NH American Indian or Alaskan Native,9566,94,983,1017,2,21,
11/05/2020,NH Asian or Pacific Islander,177966,1042,586,595,51,29,43
11/05/2020,NH Black,387134,8718,2251,2263,682,176,206
11/05/2020,NH Multiracial,,738,,,39,,
11/05/2020,NH Other,,1421,,,23,,
11/05/2020,NH White,2408190,25877,1074,894,3410,142,78
11/05/2020,Unknown,,25110,,,45,,
11/08/2020,Hispanic,589809,15717,2664,2898,422,72,133
11/08/2020,NH American Indian or Alaskan Native,9566,93,972,1006,2,21,
11/08/2020,NH Asian or Pacific Islander,177966,1075,604,614,51,29,43
11/08/2020,NH Black,387134,8892,2296,2309,685,177,207
11/08/2020,NH Multiracial,,817,,,40,,
11/08/2020,NH Other,,1617,,,23,,
11/08/2020,NH White,2408190,26909,1117,937,3430,142,78
11/08/2020,Unknown,,26343,,,45,,
11/09/2020,Hispanic,589809,15866,2689,2926,424,72,134
11/09/2020,NH American Indian or Alaskan Native,9566,98,1024,1055,2,21,
11/09/2020,NH Asian or Pacific Islander,177966,1083,609,619,51,29,43
11/09/2020,NH Black,387134,8943,2309,2322,685,177,207
11/09/2020,NH Multiracial,,831,,,39,,
11/09/2020,NH Other,,1676,,,23,,
11/09/2020,NH White,2408190,27280,1133,952,3438,143,78
11/09/2020,Unknown,,27210,,,45,,
11/10/2020,Hispanic,589809,16138,2735,2973,428,73,135
11/10/2020,NH American Indian or Alaskan Native,9566,100,1045,1072,2,21,
11/10/2020,NH Asian or Pacific Islander,177966,1094,615,624,51,29,43
11/10/2020,NH Black,387134,9001,2324,2336,686,177,207
11/10/2020,NH Multiracial,,849,,,39,,
11/10/2020,NH Other,,1751,,,23,,
11/10/2020,NH White,2408190,27739,1152,971,3442,143,78
11/10/2020,Unknown,,28069,,,45,,
11/11/2020,Hispanic,589809,16436,2786,3025,430,73,135
11/11/2020,NH American Indian or Alaskan Native,9566,102,1066,1093,2,21,
11/11/2020,NH Asian or Pacific Islander,177966,1112,625,635,51,29,43
11/11/2020,NH Black,387134,9102,2350,2362,688,178,208
11/11/2020,NH Multiracial,,867,,,39,,
11/11/2020,NH Other,,1797,,,23,,
11/11/2020,NH White,2408190,28248,1173,992,3449,143,79
11/11/2020,Unknown,,28235,,,44,,
11/12/2020,Hispanic,589809,16684,2828,3070,430,73,136
11/12/2020,NH American Indian or Alaskan Native,9566,104,1087,1112,2,21,
11/12/2020,NH Asian or Pacific Islander,177966,1127,633,643,52,29,44
11/12/2020,NH Black,387134,9167,2367,2378,690,178,208
11/12/2020,NH Multiracial,,912,,,39,,
11/12/2020,NH Other,,1845,,,24,,
11/12/2020,NH White,2408190,28847,1198,1018,3456,144,79
11/15/2020,Hispanic,589809,17653,2992,3245,434,74,137
11/15/2020,NH American Indian or Alaskan Native,9566,114,1192,1215,2,21,
11/15/2020,NH Asian or Pacific Islander,177966,1170,657,667,53,30,45
11/15/2020,NH Black,387134,9379,2422,2431,693,179,209
11/15/2020,NH Multiracial,,1013,,,39,,
11/15/2020,NH Other,,1950,,,24,,
11/15/2020,NH White,2408190,30492,1266,1087,3470,144,79
11/15/2020,Unknown,,31513,,,44,,
11/16/2020,Hispanic,589809,17848,3025,3283,434,74,137
11/16/2020,NH American Indian or Alaskan Native,9566,117,1223,1248,2,21,
11/16/2020,NH Asian or Pacific Islander,177966,1178,662,671,53,30,45
11/16/2020,NH Black,387134,9464,2444,2454,694,179,210
11/16/2020,NH Multiracial,,1022,,,39,,
11/16/2020,NH Other,,1952,,,24,,
11/16/2020,NH White,2408190,30979,1286,1106,3481,145,79
11/16/2020,Unknown,,32426,,,44,,
11/17/2020,Hispanic,589809,18245,3093,3358,436,74,138
11/17/2020,NH American Indian or Alaskan Native,9566,123,1286,1314,2,21,
11/17/2020,NH Asian or Pacific Islander,177966,1202,675,685,53,30,45
11/17/2020,NH Black,387134,9580,2474,2483,696,180,210
11/17/2020,NH Multiracial,,1078,,,39,,
11/17/2020,NH Other,,2139,,,24,,
11/17/2020,NH White,2408190,31638,1313,1133,3490,145,80
11/17/2020,Unknown,,33023,,,44,,
11/18/2020,Hispanic,589809,18672,3165,3434,438,74,138
11/18/2020,NH American Indian or Alaskan Native,9566,130,1359,1397,2,21,
11/18/2020,NH Asian or Pacific Islander,177966,1227,689,698,53,30,45
11/18/2020,NH Black,387134,9695,2503,2512,697,180,210
11/18/2020,NH Multiracial,,1129,,,38,,
11/18/2020,NH Other,,2234,,,24,,
11/18/2020,NH White,2408190,32254,1339,1158,3509,146,80
11/18/2020,Unknown,,34040,,,44,,
11/19/2020,Hispanic,589809,18985,3218,3490,441,75,140
11/19/2020,NH American Indian or Alaskan Native,9566,133,1390,1423,2,21,
11/19/2020,NH Asian or Pacific Islander,177966,1249,702,709,53,30,45
11/19/2020,NH Black,387134,9786,2527,2536,699,181,211
11/19/2020,NH Multiracial,,1154,,,38,,
11/19/2020,NH Other,,2287,,,24,,
11/19/2020,NH White,2408190,32839,1363,1183,3527,146,80
11/19/2020,Unknown,,35036,,,44,,
11/22/2020,Hispanic,589809,19822,3360,3648,447,76,141
11/22/2020,NH American Indian or Alaskan Native,9566,148,1547,1588,2,21,
11/22/2020,NH Asian or Pacific Islander,177966,1297,729,734,53,30,45
11/22/2020,NH Black,387134,10005,2583,2591,704,182,212
11/22/2020,NH Multiracial,,1296,,,39,,
11/22/2020,NH Other,,2532,,,24,,
11/22/2020,NH White,2408190,34241,1422,1241,3555,148,81
11/22/2020,Unknown,,37399,,,47,,
11/23/2020,Hispanic,589809,19938,3380,3672,448,76,141
11/23/2020,NH American Indian or Alaskan Native,9566,149,1558,1597,2,21,
11/23/2020,NH Asian or Pacific Islander,177966,1300,730,736,53,30,45
11/23/2020,NH Black,387134,10026,2588,2596,708,183,214
11/23/2020,NH Multiracial,,1307,,,39,,
11/23/2020,NH Other,,2588,,,24,,
11/23/2020,NH White,2408190,34432,1429,1249,3560,148,81
11/23/2020,Unknown,,37540,,,47,,
11/24/2020,Hispanic,589809,20322,3445,3739,451,76,142
11/24/2020,NH American Indian or Alaskan Native,9566,151,1579,1619,2,21,
11/24/2020,NH Asian or Pacific Islander,177966,1316,739,745,54,30,46
11/24/2020,NH Black,387134,10127,2614,2622,714,184,215
11/24/2020,NH Multiracial,,1331,,,39,,
11/24/2020,NH Other,,2621,,,24,,
11/24/2020,NH White,2408190,35049,1455,1273,3595,149,82
11/24/2020,Unknown,,38235,,,47,,
11/26/2020,Hispanic,589809,20933,3548,3849,455,77,143
11/26/2020,NH American Indian or Alaskan Native,9566,159,1662,1684,2,21,
11/26/2020,NH Asian or Pacific Islander,177966,1349,758,763,54,30,46
11/26/2020,NH Black,387134,10224,2639,2647,718,185,216
11/26/2020,NH Multiracial,,1768,,,39,,
11/26/2020,NH Other,,3024,,,24,,
11/26/2020,NH White,2408190,35622,1479,1301,3622,150,83
11/26/2020,Unknown,,39502,,,47,,
11/29/2020,Hispanic,589809,21671,3674,3986,462,78,146
11/29/2020,NH American Indian or Alaskan Native,9566,175,1829,1835,2,21,
11/29/2020,NH Asian or Pacific Islander,177966,1383,777,782,55,31,47
11/29/2020,NH Black,387134,10498,2710,2717,720,186,217
11/29/2020,NH Multiracial,,2144,,,40,,
11/29/2020,NH Other,,3380,,,24,,
11/29/2020,NH White,2408190,36811,1528,1350,3661,152,84
11/29/2020,Unknown,,41233,,,56,,
11/30/2020,Hispanic,589809,21946,3720,4035,466,79,147
11/30/2020,NH American Indian or Alaskan Native,9566,174,1819,1826,1,10,
11/30/2020,NH Asian or Pacific Islander,177966,1399,786,791,55,31,47
11/30/2020,NH Black,387134,10661,2752,2759,719,186,216
11/30/2020,NH Multiracial,,2194,,,43,,
11/30/2020,NH Other,,3512,,,24,,
11/30/2020,NH White,2408190,37433,1554,1375,3676,153,84
11/30/2020,Unknown,,41435,,,56,,
12/01/2020,Hispanic,589809,22228,3768,4082,468,79,147
12/01/2020,NH American Indian or Alaskan Native,9566,180,1882,1905,1,10,
12/01/2020,NH Asian or Pacific Islander,177966,1420,798,803,56,31,48
12/01/2020,NH Black,387134,10791,2786,2794,723,187,218
12/01/2020,NH Multiracial,,2318,,,43,,
12/01/2020,NH Other,,3712,,,25,,
12/01/2020,NH White,2408190,38273,1589,1410,3719,154,85
12/01/2020,Unknown,,42504,,,56,,
12/02/2020,Hispanic,589809,22847,3873,4196,471,80,148
12/02/2020,NH American Indian or Alaskan Native,9566,190,1986,2007,1,10,
12/02/2020,NH Asian or Pacific Islander,177966,1457,819,823,56,31,48
12/02/2020,NH Black,387134,11125,2872,2880,725,187,218
12/02/2020,NH Multiracial,,2419,,,45,,
12/02/2020,NH Other,,3889,,,24,,
12/02/2020,NH White,2408190,39509,1640,1459,3733,155,85
12/02/2020,Unknown,,44741,,,56,,
12/03/2020,Hispanic,589809,23092,3914,4240,475,81,149
12/03/2020,NH American Indian or Alaskan Native,9566,191,1997,2018,1,10,
12/03/2020,NH Asian or Pacific Islander,177966,1475,829,834,56,31,48
12/03/2020,NH Black,387134,11267,2909,2917,727,188,219
12/03/2020,NH Multiracial,,2452,,,45,,
12/03/2020,NH Other,,3988,,,24,,
12/03/2020,NH White,2408190,40184,1668,1486,3760,156,86
12/03/2020,Unknown,,45066,,,58,,
12/06/2020,Hispanic,589809,23978,4065,4416,487,83,153
12/06/2020,NH American Indian or Alaskan Native,9566,220,2300,2332,2,21,
12/06/2020,NH Asian or Pacific Islander,177966,1517,852,856,57,32,49
12/06/2020,NH Black,387134,11489,2966,2973,734,190,221
12/06/2020,NH Multiracial,,2791,,,45,,
12/06/2020,NH Other,,4679,,,24,,
12/06/2020,NH White,2408190,41677,1730,1547,3817,159,87
12/06/2020,Unknown,,49493,,,58,,
12/07/2020,Hispanic,589809,24349,4128,4490,488,83,153
12/07/2020,NH American Indian or Alaskan Native,9566,221,2310,2343,2,21,
12/07/2020,NH Asian or Pacific Islander,177966,1549,870,874,57,32,49
12/07/2020,NH Black,387134,11592,2993,3000,735,190,222
12/07/2020,NH Multiracial,,2903,,,45,,
12/07/2020,NH Other,,4840,,,24,,
12/07/2020,NH White,2408190,42637,1770,1585,3832,159,87
12/07/2020,Unknown,,50167,,,59,,
12/08/2020,Hispanic,589809,24587,4168,4533,492,83,154
12/08/2020,NH American Indian or Alaskan Native,9566,225,2352,2388,2,21,
12/08/2020,NH Asian or Pacific Islander,177966,1558,875,879,57,32,49
12/08/2020,NH Black,387134,11679,3015,3022,739,191,223
12/08/2020,NH Multiracial,,2990,,,46,,
12/08/2020,NH Other,,4979,,,24,,
12/08/2020,NH White,2408190,43148,1791,1606,3866,161,88
12/08/2020,Unknown,,51382,,,59,,
12/09/2020,Hispanic,589809,24868,4216,4583,494,84,155
12/09/2020,NH American Indian or Alaskan Native,9566,227,2373,2408,2,21,
12/09/2020,NH Asian or Pacific Islander,177966,1577,886,889,57,32,49
12/09/2020,NH Black,387134,11787,3043,3050,739,191,223
12/09/2020,NH Multiracial,,3082,,,47,,
12/09/2020,NH Other,,5167,,,24,,
12/09/2020,NH White,2408190,43767,1817,1631,3906,162,89
12/09/2020,Unknown,,52504,,,58,,
12/10/2020,Hispanic,589809,25529,4328,4707,501,85,157
12/10/2020,NH American Indian or Alaskan Native,9566,236,2467,2504,2,21,
12/10/2020,NH Asian or Pacific Islander,177966,1620,910,915,59,33,52
12/10/2020,NH Black,387134,12114,3128,3133,741,191,223
12/10/2020,NH Multiracial,,3192,,,47,,
12/10/2020,NH Other,,5330,,,24,,
12/10/2020,NH White,2408190,45168,1875,1686,3929,163,90
12/10/2020,Unknown,,53572,,,60,,
12/13/2020,Hispanic,589809,26244,4449,4841,513,87,161
12/13/2020,NH American Indian or Alaskan Native,9566,250,2613,2608,3,31,
12/13/2020,NH Asian or Pacific Islander,177966,1673,940,944,61,34,53
12/13/2020,NH Black,387134,12415,3206,3211,745,192,224
12/13/2020,NH Multiracial,,3520,,,53,,
12/13/2020,NH Other,,5874,,,25,,
12/13/2020,NH White,2408190,46781,1942,1749,3981,165,91
12/13/2020,Unknown,,57235,,,63,,
12/14/2020,Hispanic,589809,26465,4486,4879,518,88,163
12/14/2020,NH American Indian or Alaskan Native,9566,256,2676,2662,3,31,
12/14/2020,NH Asian or Pacific Islander,177966,1685,946,951,61,34,53
12/14/2020,NH Black,387134,12520,3233,3237,746,193,225
12/14/2020,NH Multiracial,,3626,,,53,,
12/14/2020,NH Other,,6045,,,25,,
12/14/2020,NH White,2408190,47408,1968,1774,3998,166,91
12/14/2020,Unknown,,57457,,,62,,
12/15/2020,Hispanic,589809,26782,4540,4936,521,88,164
12/15/2020,NH American Indian or Alaskan Native,9566,260,2718,2700,3,31,
12/15/2020,NH Asian or Pacific Islander,177966,1708,960,965,63,35,55
12/15/2020,NH Black,387134,12610,3256,3261,746,193,225
12/15/2020,NH Multiracial,,3736,,,55,,
12/15/2020,NH Other,,6150,,,25,,
12/15/2020,NH White,2408190,47962,1991,1797,4028,167,92
12/15/2020,Unknown,,58573,,,65,,
12/16/2020,Hispanic,589809,27073,4590,4988,525,89,165
12/16/2020,NH American Indian or Alaskan Native,9566,264,2760,2748,3,31,
12/16/2020,NH Asian or Pacific Islander,177966,1732,973,979,64,36,55
12/16/2020,NH Black,387134,12733,3288,3293,752,194,227
12/16/2020,NH Multiracial,,3834,,,55,,
12/16/2020,NH Other,,6322,,,25,,
12/16/2020,NH White,2408190,48541,2016,1820,4062,169,93
12/16/2020,Unknown,,59603,,,66,,
12/17/2020,Hispanic,589809,27869,4725,5127,526,89,166
12/17/2020,NH American Indian or Alaskan Native,9566,269,2812,2803,3,31,
12/17/2020,NH Asian or Pacific Islander,177966,1780,1000,1006,64,36,55
12/17/2020,NH Black,387134,12984,3353,3356,756,195,228
12/17/2020,NH Multiracial,,4317,,,56,,
12/17/2020,NH Other,,6234,,,25,,
12/17/2020,NH White,2408190,49960,2074,1877,4084,170,93
12/17/2020,Unknown,,59369,,,67,,
12/20/2020,Hispanic,589809,28615,4851,5268,538,91,170
12/20/2020,NH American Indian or Alaskan Native,9566,278,2906,2875,3,31,
12/20/2020,NH Asian or Pacific Islander,177966,1822,1024,1029,64,36,55
12/20/2020,NH Black,387134,13183,3405,3410,762,197,230
12/20/2020,NH Multiracial,,4800,,,63,,
12/20/2020,NH Other,,6463,,,27,,
12/20/2020,NH White,2408190,51141,2123,1925,4145,172,95
12/20/2020,Unknown,,61075,,,74,,
12/21/2020,Hispanic,589809,28793,4881,5294,539,91,170
12/21/2020,NH American Indian or Alaskan Native,9566,277,2896,2868,3,31,
12/21/2020,NH Asian or Pacific Islander,177966,1848,1038,1044,64,36,55
12/21/2020,NH Black,387134,13280,3430,3435,766,198,231
12/21/2020,NH Multiracial,,4908,,,68,,
12/21/2020,NH Other,,6588,,,26,,
12/21/2020,NH White,2408190,51924,2156,1956,4161,173,95
12/21/2020,Unknown,,61342,,,76,,
12/22/2020,Hispanic,589809,29023,4920,5335,540,92,170
12/22/2020,NH American Indian or Alaskan Native,9566,278,2906,2876,3,31,
12/22/2020,NH Asian or Pacific Islander,177966,1864,1047,1052,64,36,55
12/22/2020,NH Black,387134,13332,3443,3449,768,198,232
12/22/2020,NH Multiracial,,5108,,,72,,
12/22/2020,NH Other,,6712,,,26,,
12/22/2020,NH White,2408190,52490,2179,1980,4181,174,96
12/22/2020,Unknown,,61898,,,82,,
12/23/2020,Hispanic,589809,29348,4976,5400,549,93,173
12/23/2020,NH American Indian or Alaskan Native,9566,280,2927,2890,3,31,
12/23/2020,NH Asian or Pacific Islander,177966,1875,1054,1058,64,36,55
12/23/2020,NH Black,387134,13410,3463,3468,771,199,233
12/23/2020,NH Multiracial,,5455,,,78,,
12/23/2020,NH Other,,7096,,,25,,
12/23/2020,NH White,2408190,52957,2199,1997,4216,175,96
12/23/2020,Unknown,,62322,,,85,,
12/27/2020,Hispanic,589809,30310,5139,5587,564,96,177
12/27/2020,NH American Indian or Alaskan Native,9566,288,3011,2997,3,31,
12/27/2020,NH Asian or Pacific Islander,177966,1947,1094,1096,67,38,58
12/27/2020,NH Black,387134,13779,3558,3561,774,200,233
12/27/2020,NH Multiracial,,6172,,,82,,
12/27/2020,NH Other,,7849,,,27,,
12/27/2020,NH White,2408190,54967,2282,2076,4295,178,98
12/27/2020,Unknown,,65888,,,92,,
12/28/2020,Hispanic,589809,30432,5159,5612,569,96,179
12/28/2020,NH American Indian or Alaskan Native,9566,289,3021,3008,3,31,
12/28/2020,NH Asian or Pacific Islander,177966,1958,1100,1102,67,38,58
12/28/2020,NH Black,387134,13819,3569,3571,776,200,234
12/28/2020,NH Multiracial,,6260,,,82,,
12/28/2020,NH Other,,7832,,,28,,
12/28/2020,NH White,2408190,55270,2295,2088,4308,179,99
12/28/2020,Unknown,,66107,,,91,,
12/29/2020,Hispanic,589809,30682,5202,5658,573,97,180
12/29/2020,NH American Indian or Alaskan Native,9566,292,3052,3037,3,31,
12/29/2020,NH Asian or Pacific Islander,177966,1963,1103,1105,67,38,58
12/29/2020,NH Black,387134,13911,3593,3595,784,203,236
12/29/2020,NH Multiracial,,6479,,,83,,
12/29/2020,NH Other,,8011,,,30,,
12/29/2020,NH White,2408190,55734,2314,2106,4335,180,99
12/29/2020,Unknown,,66591,,,89,,
12/30/2020,Hispanic,589809,30915,5241,5699,577,98,181
12/30/2020,NH American Indian or Alaskan Native,9566,296,3094,3082,3,31,
12/30/2020,NH Asian or Pacific Islander,177966,1976,1110,1113,69,39,60
12/30/2020,NH Black,387134,13988,3612,3615,786,203,237
12/30/2020,NH Multiracial,,6635,,,84,,
12/30/2020,NH Other,,8174,,,31,,
12/30/2020,NH White,2408190,56310,2338,2129,4356,181,100
12/30/2020,Unknown,,67414,,,89,,
01/01/2021,Hispanic,589809,31485,5338,5805,586,99,184
01/01/2021,NH American Indian or Alaskan Native,9566,304,3178,3169,3,31,
01/01/2021,NH Asian or Pacific Islander,177966,2009,1129,1131,71,40,62
01/01/2021,NH Black,387134,14175,3661,3663,796,206,240
01/01/2021,NH Multiracial,,7094,,,89,,
01/01/2021,NH Other,,8516,,,32,,
01/01/2021,NH White,2408190,57466,2386,2175,4429,184,101
01/01/2021,Unknown,,69071,,,93,,
01/03/2021,Hispanic,589809,32040,5432,5906,598,101,188
01/03/2021,NH American Indian or Alaskan Native,9566,309,3230,3223,3,31,
01/03/2021,NH Asian or Pacific Islander,177966,2062,1159,1160,71,40,62
01/03/2021,NH Black,387134,14393,3717,3718,801,207,242
01/03/2021,NH Multiracial,,7570,,,91,,
01/03/2021,NH Other,,8877,,,33,,
01/03/2021,NH White,2408190,58902,2446,2230,4475,186,102
01/03/2021,Unknown,,70483,,,96,,
01/04/2021,Hispanic,589809,32285,5473,5948,600,102,189
01/04/2021,NH American Indian or Alaskan Native,9566,313,3272,3259,3,31,
01/14/2021,Unknown,,82198,,,108,,
01/04/2021,NH Asian or Pacific Islander,177966,2085,1172,1174,71,40,62
01/04/2021,NH Black,387134,14472,3737,3738,802,207,242
01/04/2021,NH Multiracial,,7736,,,94,,
01/04/2021,NH Other,,9047,,,34,,
01/04/2021,NH White,2408190,59527,2472,2255,4493,187,103
01/04/2021,Unknown,,71503,,,95,,
01/05/2021,Hispanic,589809,32559,5520,6000,602,102,189
01/05/2021,NH American Indian or Alaskan Native,9566,317,3314,3300,3,31,
01/05/2021,NH Asian or Pacific Islander,177966,2101,1181,1183,71,40,62
01/05/2021,NH Black,387134,14546,3757,3757,804,208,243
01/05/2021,NH Multiracial,,8046,,,102,,
01/05/2021,NH Other,,9352,,,34,,
01/05/2021,NH White,2408190,60061,2494,2276,4516,188,103
01/05/2021,Unknown,,72472,,,98,,
01/06/2021,Hispanic,589809,32852,5569,6043,609,103,192
01/06/2021,NH American Indian or Alaskan Native,9566,318,3324,3304,3,31,
01/06/2021,NH Asian or Pacific Islander,177966,2127,1195,1198,72,40,63
01/06/2021,NH Black,387134,14708,3798,3799,806,208,243
01/06/2021,NH Multiracial,,8541,,,114,,
01/06/2021,NH Other,,9612,,,35,,
01/06/2021,NH White,2408190,60910,2529,2310,4548,189,104
01/06/2021,Unknown,,73690,,,100,,
01/07/2021,Hispanic,589809,33100,5611,6087,609,103,192
01/07/2021,NH American Indian or Alaskan Native,9566,320,3345,3322,3,31,
01/07/2021,NH Asian or Pacific Islander,177966,2151,1209,1211,72,40,63
01/07/2021,NH Black,387134,14792,3820,3820,808,209,244
01/07/2021,NH Multiracial,,8754,,,114,,
01/07/2021,NH Other,,10226,,,35,,
01/07/2021,NH White,2408190,61407,2550,2330,4584,190,105
01/07/2021,Unknown,,75244,,,99,,
01/10/2021,Hispanic,589809,33890,5745,6227,621,105,195
01/10/2021,NH American Indian or Alaskan Native,9566,330,3450,3435,3,31,
01/10/2021,NH Asian or Pacific Islander,177966,2196,1234,1236,74,42,65
01/10/2021,NH Black,387134,15119,3905,3903,821,212,247
01/10/2021,NH Multiracial,,9738,,,129,,
01/10/2021,NH Other,,10614,,,38,,
01/10/2021,NH White,2408190,63513,2637,2416,4625,192,106
01/10/2021,Unknown,,77958,,,105,,
01/11/2021,Hispanic,589809,34145,5788,6271,624,106,196
01/11/2021,NH American Indian or Alaskan Native,9566,334,3492,3461,3,31,
01/11/2021,NH Asian or Pacific Islander,177966,2221,1248,1249,75,42,66
01/11/2021,NH Black,387134,15256,3940,3939,822,212,247
01/11/2021,NH Multiracial,,9895,,,132,,
01/11/2021,NH Other,,10869,,,40,,
01/11/2021,NH White,2408190,64165,2664,2445,4646,193,107
01/11/2021,Unknown,,80162,,,107,,
01/12/2021,Hispanic,589809,34549,5857,6340,626,106,196
01/12/2021,NH American Indian or Alaskan Native,9566,343,3586,3555,3,31,
01/12/2021,NH Asian or Pacific Islander,177966,2258,1269,1269,75,42,66
01/12/2021,NH Black,387134,15515,4007,4004,829,214,249
01/12/2021,NH Multiracial,,10206,,,135,,
01/12/2021,NH Other,,11144,,,39,,
01/12/2021,NH White,2408190,65275,2710,2490,4718,196,108
01/12/2021,Unknown,,81286,,,111,,
01/13/2021,Hispanic,589809,34677,5879,6361,630,107,197
01/13/2021,NH American Indian or Alaskan Native,9566,341,3565,3525,3,31,
01/13/2021,NH Asian or Pacific Islander,177966,2268,1274,1275,75,42,66
01/13/2021,NH Black,387134,15602,4029,4027,831,215,250
01/13/2021,NH Multiracial,,10359,,,133,,
01/13/2021,NH Other,,11093,,,38,,
01/13/2021,NH White,2408190,65718,2729,2507,4738,197,109
01/13/2021,Unknown,,81486,,,105,,
01/14/2021,Hispanic,589809,34871,5912,6396,633,107,198
01/14/2021,NH American Indian or Alaskan Native,9566,342,3575,3535,3,31,
01/14/2021,NH Asian or Pacific Islander,177966,2292,1288,1289,75,42,66
01/14/2021,NH Black,387134,15736,4064,4062,831,215,250
01/14/2021,NH Multiracial,,10452,,,145,,
01/14/2021,NH Other,,11179,,,39,,
01/14/2021,NH White,2408190,66352,2755,2534,4760,198,109
01/17/2021,Hispanic,589809,35212,5969,6448,647,110,203
01/17/2021,NH American Indian or Alaskan Native,9566,347,3627,3580,3,31,
01/17/2021,NH Asian or Pacific Islander,177966,2339,1314,1314,76,43,66
01/17/2021,NH Black,387134,15992,4130,4127,842,217,253
01/17/2021,NH Multiracial,,11325,,,155,,
01/17/2021,NH Other,,11501,,,30,,
01/17/2021,NH White,2408190,67405,2798,2579,4809,200,110
01/17/2021,Unknown,,86004,,,108,,
01/18/2021,Hispanic,589809,35421,6005,6487,648,110,203
01/18/2021,NH American Indian or Alaskan Native,9566,344,3596,3549,3,31,
01/18/2021,NH Asian or Pacific Islander,177966,2360,1326,1325,77,43,67
01/18/2021,NH Black,387134,16097,4157,4155,842,217,253
01/18/2021,NH Multiracial,,11481,,,159,,
01/18/2021,NH Other,,11618,,,30,,
01/18/2021,NH White,2408190,67822,2816,2596,4815,200,110
01/18/2021,Unknown,,87076,,,108,,
01/19/2021,Hispanic,589809,35614,6038,6522,651,110,204
01/19/2021,NH American Indian or Alaskan Native,9566,350,3659,3619,3,31,
01/19/2021,NH Asian or Pacific Islander,177966,2378,1336,1335,77,43,67
01/19/2021,NH Black,387134,16312,4212,4211,844,218,254
01/19/2021,NH Multiracial,,11645,,,166,,
01/19/2021,NH Other,,11740,,,30,,
01/19/2021,NH White,2408190,68401,2840,2620,4847,201,111
01/19/2021,Unknown,,87694,,,108,,
01/20/2021,Hispanic,589809,35793,6068,6553,659,112,207
01/20/2021,NH American Indian or Alaskan Native,9566,351,3669,3629,3,31,
01/20/2021,NH Asian or Pacific Islander,177966,2393,1344,1344,78,44,67
01/20/2021,NH Black,387134,16390,4233,4231,846,219,254
01/20/2021,NH Multiracial,,11838,,,176,,
01/20/2021,NH Other,,11910,,,31,,
01/20/2021,NH White,2408190,68807,2857,2635,4873,202,112
01/20/2021,Unknown,,88314,,,108,,
01/21/2021,Hispanic,589809,36003,6104,6591,664,113,209
01/21/2021,NH American Indian or Alaskan Native,9566,353,3690,3647,3,31,
01/21/2021,NH Asian or Pacific Islander,177966,2408,1353,1351,78,44,67
01/21/2021,NH Black,387134,16504,4262,4260,851,220,256
01/21/2021,NH Multiracial,,12035,,,188,,
01/21/2021,NH Other,,12046,,,32,,
01/21/2021,NH White,2408190,69352,2879,2657,4894,203,112
01/21/2021,Unknown,,89114,,,109,,
01/24/2021,Hispanic,589809,36674,6217,6709,677,115,213
01/24/2021,NH American Indian or Alaskan Native,9566,357,3732,3695,3,31,
01/24/2021,NH Asian or Pacific Islander,177966,2470,1387,1385,79,44,68
01/24/2021,NH Black,387134,16864,4355,4354,856,221,257
01/24/2021,NH Multiracial,,12703,,,208,,
01/24/2021,NH Other,,12515,,,31,,
01/24/2021,NH White,2408190,70970,2946,2723,4948,205,113
01/24/2021,Unknown,,91079,,,109,,
01/25/2021,Hispanic,589809,36806,6240,6709,679,115,213
01/25/2021,NH American Indian or Alaskan Native,9566,361,3774,3742,3,31,
01/25/2021,NH Asian or Pacific Islander,177966,2485,1396,1394,79,44,68
01/25/2021,NH Black,387134,16948,4377,4376,857,221,258
01/25/2021,NH Multiracial,,12901,,,211,,
01/25/2021,NH Other,,12591,,,31,,
01/25/2021,NH White,2408190,71249,2958,2734,4961,206,114
01/25/2021,Unknown,,91558,,,113,,
01/26/2021,Hispanic,589809,37085,6287,6757,685,116,215
01/26/2021,NH American Indian or Alaskan Native,9566,364,3805,3778,3,31,
01/26/2021,NH Asian or Pacific Islander,177966,2503,1406,1404,79,44,68
01/26/2021,NH Black,387134,17113,4420,4418,859,222,258
01/26/2021,NH Multiracial,,13146,,,222,,
01/26/2021,NH Other,,12706,,,32,,
01/26/2021,NH White,2408190,71919,2986,2761,4983,207,114
01/26/2021,Unknown,,92503,,,113,,
01/27/2021,Hispanic,589809,37287,6321,6795,688,117,216
01/27/2021,NH American Indian or Alaskan Native,9566,367,3837,3814,3,31,
01/27/2021,NH Asian or Pacific Islander,177966,2515,1413,1411,79,44,68
01/27/2021,NH Black,387134,17205,4443,4442,863,223,259
01/27/2021,NH Multiracial,,13289,,,228,,
01/27/2021,NH Other,,12785,,,32,,
01/27/2021,NH White,2408190,72410,3006,2782,5014,208,115
01/27/2021,Unknown,,92907,,,113,,
01/28/2021,Hispanic,589809,37416,6343,6817,692,117,217
01/28/2021,NH American Indian or Alaskan Native,9566,368,3847,3821,3,31,
01/28/2021,NH Asian or Pacific Islander,177966,2530,1421,1419,79,44,68
01/28/2021,NH Black,387134,17265,4459,4456,864,223,260
01/28/2021,NH Multiracial,,13389,,,232,,
01/28/2021,NH Other,,12832,,,32,,
01/28/2021,NH White,2408190,72760,3021,2796,5031,209,115
01/28/2021,Unknown,,93463,,,113,,
01/31/2021,Hispanic,589809,37687,6389,6867,700,119,219
01/31/2021,NH American Indian or Alaskan Native,9566,377,3941,3925,3,31,
01/31/2021,NH Asian or Pacific Islander,177966,2568,1442,1440,79,44,68
01/31/2021,NH Black,387134,17459,4509,4505,869,224,261
01/31/2021,NH Multiracial,,13839,,,244,,
01/31/2021,NH Other,,13234,,,34,,
01/31/2021,NH White,2408190,73712,3060,2835,5077,211,116
01/31/2021,Unknown,,95078,,,113,,
02/01/2021,Hispanic,589809,37959,6435,6916,701,119,220
02/01/2021,NH American Indian or Alaskan Native,9566,378,3951,3938,3,31,
02/01/2021,NH Asian or Pacific Islander,177966,2601,1461,1457,79,44,68
02/01/2021,NH Black,387134,17693,4569,4566,868,224,260
02/01/2021,NH Multiracial,,14041,,,246,,
02/01/2021,NH Other,,13366,,,34,,
02/01/2021,NH White,2408190,74632,3099,2873,5089,211,117
02/01/2021,Unknown,,95852,,,113,,
02/02/2021,Hispanic,589809,38013,6444,6927,705,120,222
02/02/2021,NH American Indian or Alaskan Native,9566,380,3972,3957,3,31,
02/02/2021,NH Asian or Pacific Islander,177966,2606,1464,1459,80,45,69
02/02/2021,NH Black,387134,17723,4577,4574,872,225,261
02/02/2021,NH Multiracial,,14062,,,250,,
02/02/2021,NH Other,,13412,,,34,,
02/02/2021,NH White,2408190,74808,3106,2880,5099,212,117
02/02/2021,Unknown,,96000,,,114,,
02/03/2021,Hispanic,589809,38109,6460,6944,709,120,223
02/03/2021,NH American Indian or Alaskan Native,9566,381,3983,3969,3,31,
02/03/2021,NH Asian or Pacific Islander,177966,2614,1466,1462,81,46,70
02/03/2021,NH Black,387134,17759,4587,4583,873,226,262
02/03/2021,NH Multiracial,,14256,,,256,,
02/03/2021,NH Other,,13587,,,34,,
02/03/2021,NH White,2408190,75071,3117,2891,5114,212,117
02/03/2021,Unknown,,96164,,,115,,
02/04/2021,Hispanic,589809,38252,6485,6969,711,121,223
02/04/2021,NH American Indian or Alaskan Native,9566,382,3993,3979,3,31,
02/04/2021,NH Asian or Pacific Islander,177966,2632,1477,1472,81,46,70
02/04/2021,NH Black,387134,17851,4610,4606,872,225,261
02/04/2021,NH Multiracial,,14349,,,263,,
02/04/2021,NH Other,,13630,,,34,,
02/04/2021,NH White,2408190,75634,3140,2915,5135,213,118
02/04/2021,Unknown,,96642,,,115,,
02/07/2021,Hispanic,589809,38967,6606,7093,719,122,225
02/07/2021,NH American Indian or Alaskan Native,9566,380,3972,3955,3,31,
02/07/2021,NH Asian or Pacific Islander,177966,2673,1499,1493,81,46,70
02/07/2021,NH Black,387134,18105,4676,4672,879,227,263
02/07/2021,NH Multiracial,,14965,,,281,,
02/07/2021,NH Other,,13869,,,35,,
02/07/2021,NH White,2408190,77263,3208,2982,5169,215,119
02/07/2021,Unknown,,97517,,,115,,
02/08/2021,Hispanic,589809,39060,6621,7110,722,122,226
02/08/2021,NH American Indian or Alaskan Native,9566,381,3983,3965,3,31,
02/08/2021,NH Asian or Pacific Islander,177966,2683,1505,1498,81,46,70
02/08/2021,NH Black,387134,18142,4685,4681,881,228,264
02/08/2021,NH Multiracial,,15042,,,283,,
02/08/2021,NH Other,,13922,,,35,,
02/08/2021,NH White,2408190,77505,3218,2992,5178,215,119
02/08/2021,Unknown,,97873,,,115,,
02/09/2021,Hispanic,589809,39250,6653,7144,726,123,227
02/09/2021,NH American Indian or Alaskan Native,9566,382,3993,3975,3,31,
02/09/2021,NH Asian or Pacific Islander,177966,2696,1510,1506,81,46,70
02/09/2021,NH Black,387134,18189,4698,4692,881,228,264
02/09/2021,NH Multiracial,,15164,,,287,,
02/09/2021,NH Other,,14007,,,35,,
02/09/2021,NH White,2408190,77745,3228,3002,5197,216,120
02/09/2021,Unknown,,98063,,,116,,
02/10/2021,Hispanic,589809,39375,6674,7165,730,124,229
02/10/2021,NH American Indian or Alaskan Native,9566,382,3993,3975,3,31,
02/10/2021,NH Asian or Pacific Islander,177966,2710,1519,1514,81,46,70
02/10/2021,NH Black,387134,18264,4717,4711,883,228,265
02/10/2021,NH Multiracial,,15242,,,291,,
02/10/2021,NH Other,,14058,,,35,,
02/10/2021,NH White,2408190,78061,3241,3015,5214,217,120
02/10/2021,Unknown,,98407,,,117,,
02/11/2021,Hispanic,589809,39519,6699,7191,732,124,230
02/11/2021,NH American Indian or Alaskan Native,9566,384,4014,3994,3,31,
02/11/2021,NH Asian or Pacific Islander,177966,2711,1519,1514,81,46,70
02/11/2021,NH Black,387134,18293,4724,4719,884,228,265
02/11/2021,NH Multiracial,,15396,,,296,,
02/11/2021,NH Other,,14191,,,35,,
02/11/2021,NH White,2408190,78245,3249,3023,5234,217,120
02/11/2021,Unknown,,98598,,,116,,
02/14/2021,Hispanic,589809,39827,6751,7247,744,126,233
02/14/2021,NH American Indian or Alaskan Native,9566,381,3983,3956,3,31,
02/14/2021,NH Asian or Pacific Islander,177966,2748,1540,1535,81,46,70
02/14/2021,NH Black,387134,18525,4784,4777,887,229,265
02/14/2021,NH Multiracial,,15752,,,305,,
02/14/2021,NH Other,,14390,,,36,,
02/14/2021,NH White,2408190,79161,3287,3061,5276,219,121
02/14/2021,Unknown,,99458,,,115,,
02/15/2021,Hispanic,589809,39892,6762,7260,744,126,233
02/15/2021,NH American Indian or Alaskan Native,9566,381,3983,3956,3,31,
02/15/2021,NH Asian or Pacific Islander,177966,2763,1549,1543,81,46,70
02/15/2021,NH Black,387134,18558,4793,4785,888,229,266
02/15/2021,NH Multiracial,,15838,,,306,,
02/15/2021,NH Other,,14431,,,36,,
02/15/2021,NH White,2408190,79427,3298,3072,5276,219,121
02/15/2021,Unknown,,99532,,,115,,
02/16/2021,Hispanic,589809,39978,6777,7276,748,127,235
02/16/2021,NH American Indian or Alaskan Native,9566,383,4004,3978,3,31,
02/16/2021,NH Asian or Pacific Islander,177966,2778,1557,1551,81,46,70
02/16/2021,NH Black,387134,18626,4810,4803,892,230,267
02/16/2021,NH Multiracial,,15873,,,310,,
02/16/2021,NH Other,,14433,,,36,,
02/16/2021,NH White,2408190,79692,3309,3083,5290,220,122
02/16/2021,Unknown,,99593,,,116,,
02/17/2021,Hispanic,589809,40032,6786,7284,750,127,235
02/17/2021,NH American Indian or Alaskan Native,9566,383,4004,3978,3,31,
02/17/2021,NH Asian or Pacific Islander,177966,2790,1564,1558,81,46,70
02/17/2021,NH Black,387134,18682,4825,4817,892,230,267
02/17/2021,NH Multiracial,,15952,,,314,,
02/17/2021,NH Other,,14468,,,37,,
02/17/2021,NH White,2408190,79912,3318,3093,5302,220,122
02/17/2021,Unknown,,99684,,,117,,
02/18/2021,Hispanic,589809,40170,6809,7309,750,127,235
02/18/2021,NH American Indian or Alaskan Native,9566,387,4046,4021,3,31,
02/18/2021,NH Asian or Pacific Islander,177966,2798,1568,1562,82,46,70
02/18/2021,NH Black,387134,18714,4833,4825,896,231,268
02/18/2021,NH Multiracial,,16118,,,317,,
02/18/2021,NH Other,,14547,,,38,,
02/18/2021,NH White,2408190,80229,3331,3106,5318,221,122
02/18/2021,Unknown,,100138,,,119,,
02/21/2021,Hispanic,589809,40391,6847,7347,757,128,237
02/21/2021,NH American Indian or Alaskan Native,9566,388,4056,4031,3,31,
02/21/2021,NH Asian or Pacific Islander,177966,2835,1589,1582,82,46,70
02/21/2021,NH Black,387134,18884,4877,4868,897,232,268
02/21/2021,NH Multiracial,,16392,,,320,,
02/21/2021,NH Other,,14750,,,38,,
02/21/2021,NH White,2408190,80842,3357,3132,5342,222,123
02/21/2021,Unknown,,100852,,,123,,
02/22/2021,Hispanic,589809,40507,6866,7368,760,129,238
02/22/2021,NH American Indian or Alaskan Native,9566,386,4035,4010,3,31,
02/22/2021,NH Asian or Pacific Islander,177966,2871,1609,1602,82,46,70
02/22/2021,NH Black,387134,19045,4919,4908,898,232,269
02/22/2021,NH Multiracial,,16542,,,322,,
02/22/2021,NH Other,,14747,,,38,,
02/22/2021,NH White,2408190,81867,3399,3177,5345,222,123
02/22/2021,Unknown,,100726,,,124,,
02/23/2021,Hispanic,589809,40646,6890,7393,761,129,238
02/23/2021,NH American Indian or Alaskan Native,9566,387,4046,4028,3,31,
02/23/2021,NH Asian or Pacific Islander,177966,2900,1626,1617,83,47,71
02/23/2021,NH Black,387134,19180,4954,4943,901,233,270
02/23/2021,NH Multiracial,,16685,,,328,,
02/23/2021,NH Other,,14752,,,38,,
02/23/2021,NH White,2408190,82973,3445,3226,5357,222,123
02/23/2021,Unknown,,100661,,,124,,
02/24/2021,Hispanic,589809,40788,6914,7420,762,129,238
02/24/2021,NH American Indian or Alaskan Native,9566,392,4098,4086,3,31,
02/24/2021,NH Asian or Pacific Islander,177966,2913,1632,1623,83,47,71
02/24/2021,NH Black,387134,19251,4972,4963,900,232,270
02/24/2021,NH Multiracial,,16820,,,335,,
02/24/2021,NH Other,,14821,,,38,,
02/24/2021,NH White,2408190,83284,3458,3240,5369,223,124
02/24/2021,Unknown,,100890,,,124,,
